m_Vacbuffer[0], 0x02D6,
m_Vacbuffer[1], 0x02D4,
m_Vacbuffer[2], 0x02D4,
m_Vacbuffer[3], 0x02D2,
m_Vacbuffer[4], 0x02D0,
m_Vacbuffer[5], 0x02D0,
m_Vacbuffer[6], 0x02CE,
m_Vacbuffer[7], 0x02CD,
m_Vacbuffer[8], 0x02CB,
m_Vacbuffer[9], 0x02CB,
m_Vacbuffer[10], 0x02C8,
m_Vacbuffer[11], 0x02C8,
m_Vacbuffer[12], 0x02C6,
m_Vacbuffer[13], 0x02C6,
m_Vacbuffer[14], 0x02C4,
m_Vacbuffer[15], 0x02C2,
m_Vacbuffer[16], 0x02BF,
m_Vacbuffer[17], 0x02C1,
m_Vacbuffer[18], 0x02BD,
m_Vacbuffer[19], 0x02BD,
m_Vacbuffer[20], 0x02BB,
m_Vacbuffer[21], 0x02BB,
m_Vacbuffer[22], 0x02B8,
m_Vacbuffer[23], 0x02B8,
m_Vacbuffer[24], 0x02B5,
m_Vacbuffer[25], 0x02B5,
m_Vacbuffer[26], 0x02B2,
m_Vacbuffer[27], 0x02B3,
m_Vacbuffer[28], 0x02AF,
m_Vacbuffer[29], 0x02AF,
m_Vacbuffer[30], 0x02AC,
m_Vacbuffer[31], 0x02AC,
m_Vacbuffer[32], 0x02A9,
m_Vacbuffer[33], 0x02A8,
m_Vacbuffer[34], 0x02A3,
m_Vacbuffer[35], 0x02A5,
m_Vacbuffer[36], 0x02A1,
m_Vacbuffer[37], 0x02A0,
m_Vacbuffer[38], 0x029C,
m_Vacbuffer[39], 0x029E,
m_Vacbuffer[40], 0x029A,
m_Vacbuffer[41], 0x029A,
m_Vacbuffer[42], 0x0297,
m_Vacbuffer[43], 0x0297,
m_Vacbuffer[44], 0x0294,
m_Vacbuffer[45], 0x0295,
m_Vacbuffer[46], 0x0291,
m_Vacbuffer[47], 0x0291,
m_Vacbuffer[48], 0x028E,
m_Vacbuffer[49], 0x028F,
m_Vacbuffer[50], 0x028B,
m_Vacbuffer[51], 0x028B,
m_Vacbuffer[52], 0x0288,
m_Vacbuffer[53], 0x0287,
m_Vacbuffer[54], 0x0284,
m_Vacbuffer[55], 0x0284,
m_Vacbuffer[56], 0x0282,
m_Vacbuffer[57], 0x0281,
m_Vacbuffer[58], 0x027F,
m_Vacbuffer[59], 0x027E,
m_Vacbuffer[60], 0x027D,
m_Vacbuffer[61], 0x027B,
m_Vacbuffer[62], 0x027A,
m_Vacbuffer[63], 0x0279,
m_Vacbuffer[64], 0x0277,
m_Vacbuffer[65], 0x0275,
m_Vacbuffer[66], 0x0275,
m_Vacbuffer[67], 0x0273,
m_Vacbuffer[68], 0x0270,
m_Vacbuffer[69], 0x0270,
m_Vacbuffer[70], 0x0270,
m_Vacbuffer[71], 0x026C,
m_Vacbuffer[72], 0x026C,
m_Vacbuffer[73], 0x0269,
m_Vacbuffer[74], 0x0269,
m_Vacbuffer[75], 0x0267,
m_Vacbuffer[76], 0x0266,
m_Vacbuffer[77], 0x0263,
m_Vacbuffer[78], 0x0264,
m_Vacbuffer[79], 0x0260,
m_Vacbuffer[80], 0x025F,
m_Vacbuffer[81], 0x025D,
m_Vacbuffer[82], 0x025C,
m_Vacbuffer[83], 0x025A,
m_Vacbuffer[84], 0x0259,
m_Vacbuffer[85], 0x0256,
m_Vacbuffer[86], 0x0256,
m_Vacbuffer[87], 0x0254,
m_Vacbuffer[88], 0x0253,
m_Vacbuffer[89], 0x024F,
m_Vacbuffer[90], 0x0250,
m_Vacbuffer[91], 0x024D,
m_Vacbuffer[92], 0x024D,
m_Vacbuffer[93], 0x024A,
m_Vacbuffer[94], 0x024A,
m_Vacbuffer[95], 0x0245,
m_Vacbuffer[96], 0x0248,
m_Vacbuffer[97], 0x0244,
m_Vacbuffer[98], 0x0242,
m_Vacbuffer[99], 0x023F,
m_Vacbuffer[100], 0x0240,
m_Vacbuffer[101], 0x023C,
m_Vacbuffer[102], 0x023C,
m_Vacbuffer[103], 0x0238,
m_Vacbuffer[104], 0x0239,
m_Vacbuffer[105], 0x0237,
m_Vacbuffer[106], 0x0236,
m_Vacbuffer[107], 0x0233,
m_Vacbuffer[108], 0x0234,
m_Vacbuffer[109], 0x0230,
m_Vacbuffer[110], 0x022F,
m_Vacbuffer[111], 0x022D,
m_Vacbuffer[112], 0x022D,
m_Vacbuffer[113], 0x022A,
m_Vacbuffer[114], 0x022A,
m_Vacbuffer[115], 0x0225,
m_Vacbuffer[116], 0x0225,
m_Vacbuffer[117], 0x0225,
m_Vacbuffer[118], 0x0222,
m_Vacbuffer[119], 0x0222,
m_Vacbuffer[120], 0x0221,
m_Vacbuffer[121], 0x021E,
m_Vacbuffer[122], 0x021C,
m_Vacbuffer[123], 0x021C,
m_Vacbuffer[124], 0x0219,
m_Vacbuffer[125], 0x0218,
m_Vacbuffer[126], 0x0217,
m_Vacbuffer[127], 0x0213,
m_Vacbuffer[128], 0x0213,
m_Vacbuffer[129], 0x0212,
m_Vacbuffer[130], 0x0210,
m_Vacbuffer[131], 0x020D,
m_Vacbuffer[132], 0x020C,
m_Vacbuffer[133], 0x020C,
m_Vacbuffer[134], 0x0209,
m_Vacbuffer[135], 0x0209,
m_Vacbuffer[136], 0x0206,
m_Vacbuffer[137], 0x0206,
m_Vacbuffer[138], 0x0204,
m_Vacbuffer[139], 0x0202,
m_Vacbuffer[140], 0x0200,
m_Vacbuffer[141], 0x0200,
m_Vacbuffer[142], 0x01FD,
m_Vacbuffer[143], 0x01FC,
m_Vacbuffer[144], 0x01FA,
m_Vacbuffer[145], 0x01FA,
m_Vacbuffer[146], 0x01F7,
m_Vacbuffer[147], 0x01F6,
m_Vacbuffer[148], 0x01F3,
m_Vacbuffer[149], 0x01F4,
m_Vacbuffer[150], 0x01F2,
m_Vacbuffer[151], 0x01F1,
m_Vacbuffer[152], 0x01ED,
m_Vacbuffer[153], 0x01EF,
m_Vacbuffer[154], 0x01EA,
m_Vacbuffer[155], 0x01EA,
m_Vacbuffer[156], 0x01E8,
m_Vacbuffer[157], 0x01E9,
m_Vacbuffer[158], 0x01E3,
m_Vacbuffer[159], 0x01E4,
m_Vacbuffer[160], 0x01E0,
m_Vacbuffer[161], 0x01E1,
m_Vacbuffer[162], 0x01DD,
m_Vacbuffer[163], 0x01DD,
m_Vacbuffer[164], 0x01DA,
m_Vacbuffer[165], 0x01DB,
m_Vacbuffer[166], 0x01D7,
m_Vacbuffer[167], 0x01D7,
m_Vacbuffer[168], 0x01D5,
m_Vacbuffer[169], 0x01D4,
m_Vacbuffer[170], 0x01D1,
m_Vacbuffer[171], 0x01D2,
m_Vacbuffer[172], 0x01CE,
m_Vacbuffer[173], 0x01CE,
m_Vacbuffer[174], 0x01CB,
m_Vacbuffer[175], 0x01CB,
m_Vacbuffer[176], 0x01C8,
m_Vacbuffer[177], 0x01C8,
m_Vacbuffer[178], 0x01C5,
m_Vacbuffer[179], 0x01C5,
m_Vacbuffer[180], 0x01C2,
m_Vacbuffer[181], 0x01C2,
m_Vacbuffer[182], 0x01BF,
m_Vacbuffer[183], 0x01BE,
m_Vacbuffer[184], 0x01BB,
m_Vacbuffer[185], 0x01BA,
m_Vacbuffer[186], 0x01B9,
m_Vacbuffer[187], 0x01B7,
m_Vacbuffer[188], 0x01B7,
m_Vacbuffer[189], 0x01B4,
m_Vacbuffer[190], 0x01B3,
m_Vacbuffer[191], 0x01B1,
m_Vacbuffer[192], 0x01B0,
m_Vacbuffer[193], 0x01AE,
m_Vacbuffer[194], 0x01AE,
m_Vacbuffer[195], 0x01AB,
m_Vacbuffer[196], 0x01AA,
m_Vacbuffer[197], 0x01A8,
m_Vacbuffer[198], 0x01A8,
m_Vacbuffer[199], 0x01A5,
m_Vacbuffer[200], 0x01A3,
m_Vacbuffer[201], 0x01A2,
m_Vacbuffer[202], 0x01A2,
m_Vacbuffer[203], 0x019F,
m_Vacbuffer[204], 0x01A0,
m_Vacbuffer[205], 0x019C,
m_Vacbuffer[206], 0x019C,
m_Vacbuffer[207], 0x019A,
m_Vacbuffer[208], 0x019A,
m_Vacbuffer[209], 0x0196,
m_Vacbuffer[210], 0x0197,
m_Vacbuffer[211], 0x0193,
m_Vacbuffer[212], 0x0193,
m_Vacbuffer[213], 0x0191,
m_Vacbuffer[214], 0x0191,
m_Vacbuffer[215], 0x018E,
m_Vacbuffer[216], 0x0190,
m_Vacbuffer[217], 0x018D,
m_Vacbuffer[218], 0x018D,
m_Vacbuffer[219], 0x018A,
m_Vacbuffer[220], 0x018B,
m_Vacbuffer[221], 0x0187,
m_Vacbuffer[222], 0x0188,
m_Vacbuffer[223], 0x0185,
m_Vacbuffer[224], 0x0185,
m_Vacbuffer[225], 0x0182,
m_Vacbuffer[226], 0x0182,
m_Vacbuffer[227], 0x017E,
m_Vacbuffer[228], 0x0181,
m_Vacbuffer[229], 0x017F,
m_Vacbuffer[230], 0x017E,
m_Vacbuffer[231], 0x017B,
m_Vacbuffer[232], 0x017B,
m_Vacbuffer[233], 0x0178,
m_Vacbuffer[234], 0x017A,
m_Vacbuffer[235], 0x0176,
m_Vacbuffer[236], 0x0176,
m_Vacbuffer[237], 0x0175,
m_Vacbuffer[238], 0x0173,
m_Vacbuffer[239], 0x016F,
m_Vacbuffer[240], 0x0172,
m_Vacbuffer[241], 0x0170,
m_Vacbuffer[242], 0x016F,
m_Vacbuffer[243], 0x016D,
m_Vacbuffer[244], 0x016C,
m_Vacbuffer[245], 0x016C,
m_Vacbuffer[246], 0x016C,
m_Vacbuffer[247], 0x0169,
m_Vacbuffer[248], 0x0169,
m_Vacbuffer[249], 0x0167,
m_Vacbuffer[250], 0x0167,
m_Vacbuffer[251], 0x0166,
m_Vacbuffer[252], 0x0166,
m_Vacbuffer[253], 0x0164,
m_Vacbuffer[254], 0x0164,
m_Vacbuffer[255], 0x0163,
m_Vacbuffer[256], 0x0162,
m_Vacbuffer[257], 0x0160,
m_Vacbuffer[258], 0x0160,
m_Vacbuffer[259], 0x015F,
m_Vacbuffer[260], 0x015E,
m_Vacbuffer[261], 0x015F,
m_Vacbuffer[262], 0x015D,
m_Vacbuffer[263], 0x015B,
m_Vacbuffer[264], 0x015B,
m_Vacbuffer[265], 0x015A,
m_Vacbuffer[266], 0x0159,
m_Vacbuffer[267], 0x015B,
m_Vacbuffer[268], 0x0156,
m_Vacbuffer[269], 0x0157,
m_Vacbuffer[270], 0x0157,
m_Vacbuffer[271], 0x0156,
m_Vacbuffer[272], 0x0153,
m_Vacbuffer[273], 0x0155,
m_Vacbuffer[274], 0x0155,
m_Vacbuffer[275], 0x0153,
m_Vacbuffer[276], 0x0152,
m_Vacbuffer[277], 0x0153,
m_Vacbuffer[278], 0x0150,
m_Vacbuffer[279], 0x0152,
m_Vacbuffer[280], 0x0150,
m_Vacbuffer[281], 0x0151,
m_Vacbuffer[282], 0x014E,
m_Vacbuffer[283], 0x0150,
m_Vacbuffer[284], 0x014D,
m_Vacbuffer[285], 0x014F,
m_Vacbuffer[286], 0x014C,
m_Vacbuffer[287], 0x014E,
m_Vacbuffer[288], 0x014D,
m_Vacbuffer[289], 0x014D,
m_Vacbuffer[290], 0x014A,
m_Vacbuffer[291], 0x014E,
m_Vacbuffer[292], 0x014A,
m_Vacbuffer[293], 0x014C,
m_Vacbuffer[294], 0x0149,
m_Vacbuffer[295], 0x014B,
m_Vacbuffer[296], 0x0149,
m_Vacbuffer[297], 0x014A,
m_Vacbuffer[298], 0x0146,
m_Vacbuffer[299], 0x0149,
m_Vacbuffer[300], 0x0149,
m_Vacbuffer[301], 0x0148,
m_Vacbuffer[302], 0x0147,
m_Vacbuffer[303], 0x0148,
m_Vacbuffer[304], 0x0146,
m_Vacbuffer[305], 0x0147,
m_Vacbuffer[306], 0x0147,
m_Vacbuffer[307], 0x0148,
m_Vacbuffer[308], 0x0145,
m_Vacbuffer[309], 0x0146,
m_Vacbuffer[310], 0x0146,
m_Vacbuffer[311], 0x0145,
m_Vacbuffer[312], 0x0146,
m_Vacbuffer[313], 0x0144,
m_Vacbuffer[314], 0x0145,
m_Vacbuffer[315], 0x0145,
m_Vacbuffer[316], 0x0146,
m_Vacbuffer[317], 0x0143,
m_Vacbuffer[318], 0x0144,
m_Vacbuffer[319], 0x0143,
m_Vacbuffer[320], 0x0143,
m_Vacbuffer[321], 0x0143,
m_Vacbuffer[322], 0x0141,
m_Vacbuffer[323], 0x0143,
m_Vacbuffer[324], 0x0143,
m_Vacbuffer[325], 0x0141,
m_Vacbuffer[326], 0x0141,
m_Vacbuffer[327], 0x0142,
m_Vacbuffer[328], 0x0141,
m_Vacbuffer[329], 0x0140,
m_Vacbuffer[330], 0x0143,
m_Vacbuffer[331], 0x0140,
m_Vacbuffer[332], 0x0141,
m_Vacbuffer[333], 0x0141,
m_Vacbuffer[334], 0x0141,
m_Vacbuffer[335], 0x0140,
m_Vacbuffer[336], 0x0143,
m_Vacbuffer[337], 0x0140,
m_Vacbuffer[338], 0x0140,
m_Vacbuffer[339], 0x0140,
m_Vacbuffer[340], 0x0141,
m_Vacbuffer[341], 0x013E,
m_Vacbuffer[342], 0x0141,
m_Vacbuffer[343], 0x013F,
m_Vacbuffer[344], 0x0140,
m_Vacbuffer[345], 0x013F,
m_Vacbuffer[346], 0x013E,
m_Vacbuffer[347], 0x013F,
m_Vacbuffer[348], 0x0141,
m_Vacbuffer[349], 0x013E,
m_Vacbuffer[350], 0x013E,
m_Vacbuffer[351], 0x013E,
m_Vacbuffer[352], 0x0140,
m_Vacbuffer[353], 0x013E,
m_Vacbuffer[354], 0x0140,
m_Vacbuffer[355], 0x013C,
m_Vacbuffer[356], 0x013E,
m_Vacbuffer[357], 0x013E,
m_Vacbuffer[358], 0x013F,
m_Vacbuffer[359], 0x013C,
m_Vacbuffer[360], 0x013E,
m_Vacbuffer[361], 0x013D,
m_Vacbuffer[362], 0x013E,
m_Vacbuffer[363], 0x013D,
m_Vacbuffer[364], 0x013D,
m_Vacbuffer[365], 0x013D,
m_Vacbuffer[366], 0x013D,
m_Vacbuffer[367], 0x013C,
m_Vacbuffer[368], 0x013D,
m_Vacbuffer[369], 0x013D,
m_Vacbuffer[370], 0x013D,
m_Vacbuffer[371], 0x013D,
m_Vacbuffer[372], 0x013D,
m_Vacbuffer[373], 0x013B,
m_Vacbuffer[374], 0x013D,
m_Vacbuffer[375], 0x013D,
m_Vacbuffer[376], 0x013D,
m_Vacbuffer[377], 0x013C,
m_Vacbuffer[378], 0x013D,
m_Vacbuffer[379], 0x013B,
m_Vacbuffer[380], 0x013C,
m_Vacbuffer[381], 0x013D,
m_Vacbuffer[382], 0x013C,
m_Vacbuffer[383], 0x013B,
m_Vacbuffer[384], 0x013C,
m_Vacbuffer[385], 0x013D,
m_Vacbuffer[386], 0x013D,
m_Vacbuffer[387], 0x013C,
m_Vacbuffer[388], 0x013A,
m_Vacbuffer[389], 0x013B,
m_Vacbuffer[390], 0x013C,
m_Vacbuffer[391], 0x013B,
m_Vacbuffer[392], 0x013B,
m_Vacbuffer[393], 0x013C,
m_Vacbuffer[394], 0x013A,
m_Vacbuffer[395], 0x013C,
m_Vacbuffer[396], 0x013C,
m_Vacbuffer[397], 0x013C,
m_Vacbuffer[398], 0x013A,
m_Vacbuffer[399], 0x013D,
m_Vacbuffer[400], 0x013A,
m_Vacbuffer[401], 0x013C,
m_Vacbuffer[402], 0x013B,
m_Vacbuffer[403], 0x013B,
m_Vacbuffer[404], 0x013B,
m_Vacbuffer[405], 0x013D,
m_Vacbuffer[406], 0x013B,
m_Vacbuffer[407], 0x013B,
m_Vacbuffer[408], 0x013C,
m_Vacbuffer[409], 0x013D,
m_Vacbuffer[410], 0x013A,
m_Vacbuffer[411], 0x013D,
m_Vacbuffer[412], 0x013B,
m_Vacbuffer[413], 0x013C,
m_Vacbuffer[414], 0x013B,
m_Vacbuffer[415], 0x013B,
m_Vacbuffer[416], 0x013D,
m_Vacbuffer[417], 0x013E,
m_Vacbuffer[418], 0x013C,
m_Vacbuffer[419], 0x013E,
m_Vacbuffer[420], 0x013D,
m_Vacbuffer[421], 0x013F,
m_Vacbuffer[422], 0x013E,
m_Vacbuffer[423], 0x0141,
m_Vacbuffer[424], 0x013E,
m_Vacbuffer[425], 0x0142,
m_Vacbuffer[426], 0x0141,
m_Vacbuffer[427], 0x0142,
m_Vacbuffer[428], 0x0141,
m_Vacbuffer[429], 0x0143,
m_Vacbuffer[430], 0x0141,
m_Vacbuffer[431], 0x0143,
m_Vacbuffer[432], 0x0142,
m_Vacbuffer[433], 0x0143,
m_Vacbuffer[434], 0x0142,
m_Vacbuffer[435], 0x0143,
m_Vacbuffer[436], 0x0143,
m_Vacbuffer[437], 0x0143,
m_Vacbuffer[438], 0x0144,
m_Vacbuffer[439], 0x0145,
m_Vacbuffer[440], 0x0144,
m_Vacbuffer[441], 0x0146,
m_Vacbuffer[442], 0x0146,
m_Vacbuffer[443], 0x0146,
m_Vacbuffer[444], 0x0148,
m_Vacbuffer[445], 0x0147,
m_Vacbuffer[446], 0x0147,
m_Vacbuffer[447], 0x014A,
m_Vacbuffer[448], 0x0149,
m_Vacbuffer[449], 0x0148,
m_Vacbuffer[450], 0x014A,
m_Vacbuffer[451], 0x0149,
m_Vacbuffer[452], 0x014C,
m_Vacbuffer[453], 0x014B,
m_Vacbuffer[454], 0x014C,
m_Vacbuffer[455], 0x014B,
m_Vacbuffer[456], 0x014D,
m_Vacbuffer[457], 0x014D,
m_Vacbuffer[458], 0x014F,
m_Vacbuffer[459], 0x014D,
m_Vacbuffer[460], 0x0150,
m_Vacbuffer[461], 0x014E,
m_Vacbuffer[462], 0x0150,
m_Vacbuffer[463], 0x014F,
m_Vacbuffer[464], 0x0153,
m_Vacbuffer[465], 0x0151,
m_Vacbuffer[466], 0x0153,
m_Vacbuffer[467], 0x0152,
m_Vacbuffer[468], 0x0156,
m_Vacbuffer[469], 0x0154,
m_Vacbuffer[470], 0x0155,
m_Vacbuffer[471], 0x015F,
m_Vacbuffer[472], 0x0158,
m_Vacbuffer[473], 0x0158,
m_Vacbuffer[474], 0x015B,
m_Vacbuffer[475], 0x015A,
m_Vacbuffer[476], 0x015B,
m_Vacbuffer[477], 0x015A,
m_Vacbuffer[478], 0x015D,
m_Vacbuffer[479], 0x015B,
m_Vacbuffer[480], 0x015F,
m_Vacbuffer[481], 0x015D,
m_Vacbuffer[482], 0x0160,
m_Vacbuffer[483], 0x0160,
m_Vacbuffer[484], 0x0161,
m_Vacbuffer[485], 0x0160,
m_Vacbuffer[486], 0x0164,
m_Vacbuffer[487], 0x0163,
m_Vacbuffer[488], 0x0164,
m_Vacbuffer[489], 0x0166,
m_Vacbuffer[490], 0x0167,
m_Vacbuffer[491], 0x0166,
m_Vacbuffer[492], 0x0169,
m_Vacbuffer[493], 0x0168,
m_Vacbuffer[494], 0x016A,
m_Vacbuffer[495], 0x016C,
m_Vacbuffer[496], 0x016C,
m_Vacbuffer[497], 0x016C,
m_Vacbuffer[498], 0x016E,
m_Vacbuffer[499], 0x016F,
m_Vacbuffer[500], 0x0170,
m_Vacbuffer[501], 0x0171,
m_Vacbuffer[502], 0x0171,
m_Vacbuffer[503], 0x0172,
m_Vacbuffer[504], 0x0175,
m_Vacbuffer[505], 0x0175,
m_Vacbuffer[506], 0x0176,
m_Vacbuffer[507], 0x0177,
m_Vacbuffer[508], 0x0179,
m_Vacbuffer[509], 0x0179,
m_Vacbuffer[510], 0x017B,
m_Vacbuffer[511], 0x017B,
m_Vacbuffer[512], 0x017C,
m_Vacbuffer[513], 0x017F,
m_Vacbuffer[514], 0x017F,
m_Vacbuffer[515], 0x0180,
m_Vacbuffer[516], 0x0181,
m_Vacbuffer[517], 0x0184,
m_Vacbuffer[518], 0x0183,
m_Vacbuffer[519], 0x0185,
m_Vacbuffer[520], 0x0184,
m_Vacbuffer[521], 0x0188,
m_Vacbuffer[522], 0x0189,
m_Vacbuffer[523], 0x018A,
m_Vacbuffer[524], 0x0188,
m_Vacbuffer[525], 0x018D,
m_Vacbuffer[526], 0x018D,
m_Vacbuffer[527], 0x018F,
m_Vacbuffer[528], 0x018F,
m_Vacbuffer[529], 0x0192,
m_Vacbuffer[530], 0x0191,
m_Vacbuffer[531], 0x0196,
m_Vacbuffer[532], 0x0194,
m_Vacbuffer[533], 0x0197,
m_Vacbuffer[534], 0x0196,
m_Vacbuffer[535], 0x0199,
m_Vacbuffer[536], 0x0199,
m_Vacbuffer[537], 0x019D,
m_Vacbuffer[538], 0x019C,
m_Vacbuffer[539], 0x01A0,
m_Vacbuffer[540], 0x01A0,
m_Vacbuffer[541], 0x01A2,
m_Vacbuffer[542], 0x01A2,
m_Vacbuffer[543], 0x01A6,
m_Vacbuffer[544], 0x01A7,
m_Vacbuffer[545], 0x01AB,
m_Vacbuffer[546], 0x01AA,
m_Vacbuffer[547], 0x01AE,
m_Vacbuffer[548], 0x01AE,
m_Vacbuffer[549], 0x01B1,
m_Vacbuffer[550], 0x01B0,
m_Vacbuffer[551], 0x01B2,
m_Vacbuffer[552], 0x01B4,
m_Vacbuffer[553], 0x01B7,
m_Vacbuffer[554], 0x01B6,
m_Vacbuffer[555], 0x01B9,
m_Vacbuffer[556], 0x01B9,
m_Vacbuffer[557], 0x01BC,
m_Vacbuffer[558], 0x01BD,
m_Vacbuffer[559], 0x01BF,
m_Vacbuffer[560], 0x01BE,
m_Vacbuffer[561], 0x01C2,
m_Vacbuffer[562], 0x01C3,
m_Vacbuffer[563], 0x01C5,
m_Vacbuffer[564], 0x01C6,
m_Vacbuffer[565], 0x01C8,
m_Vacbuffer[566], 0x01C8,
m_Vacbuffer[567], 0x01CC,
m_Vacbuffer[568], 0x01CB,
m_Vacbuffer[569], 0x01CC,
m_Vacbuffer[570], 0x01CF,
m_Vacbuffer[571], 0x01CF,
m_Vacbuffer[572], 0x01D1,
m_Vacbuffer[573], 0x01D3,
m_Vacbuffer[574], 0x01D4,
m_Vacbuffer[575], 0x01D5,
m_Vacbuffer[576], 0x01D8,
m_Vacbuffer[577], 0x01D8,
m_Vacbuffer[578], 0x01DA,
m_Vacbuffer[579], 0x01DA,
m_Vacbuffer[580], 0x01DD,
m_Vacbuffer[581], 0x01DC,
m_Vacbuffer[582], 0x01E0,
m_Vacbuffer[583], 0x01E0,
m_Vacbuffer[584], 0x01E2,
m_Vacbuffer[585], 0x01E3,
m_Vacbuffer[586], 0x01E6,
m_Vacbuffer[587], 0x01E4,
m_Vacbuffer[588], 0x01E9,
m_Vacbuffer[589], 0x01E9,
m_Vacbuffer[590], 0x01EB,
m_Vacbuffer[591], 0x01ED,
m_Vacbuffer[592], 0x01EF,
m_Vacbuffer[593], 0x01EF,
m_Vacbuffer[594], 0x01F3,
m_Vacbuffer[595], 0x01F3,
m_Vacbuffer[596], 0x01F5,
m_Vacbuffer[597], 0x01F6,
m_Vacbuffer[598], 0x01F9,
m_Vacbuffer[599], 0x01F9,
m_Vacbuffer[600], 0x01FC,
m_Vacbuffer[601], 0x01FB,
m_Vacbuffer[602], 0x01FE,
m_Vacbuffer[603], 0x0200,
m_Vacbuffer[604], 0x0203,
m_Vacbuffer[605], 0x0201,
m_Vacbuffer[606], 0x0206,
m_Vacbuffer[607], 0x0204,
m_Vacbuffer[608], 0x0209,
m_Vacbuffer[609], 0x0209,
m_Vacbuffer[610], 0x020B,
m_Vacbuffer[611], 0x0209,
m_Vacbuffer[612], 0x0210,
m_Vacbuffer[613], 0x020F,
m_Vacbuffer[614], 0x0212,
m_Vacbuffer[615], 0x0212,
m_Vacbuffer[616], 0x0215,
m_Vacbuffer[617], 0x0215,
m_Vacbuffer[618], 0x0219,
m_Vacbuffer[619], 0x0218,
m_Vacbuffer[620], 0x021B,
m_Vacbuffer[621], 0x021E,
m_Vacbuffer[622], 0x021F,
m_Vacbuffer[623], 0x021F,
m_Vacbuffer[624], 0x0221,
m_Vacbuffer[625], 0x0224,
m_Vacbuffer[626], 0x0224,
m_Vacbuffer[627], 0x0226,
m_Vacbuffer[628], 0x0225,
m_Vacbuffer[629], 0x0228,
m_Vacbuffer[630], 0x022B,
m_Vacbuffer[631], 0x022C,
m_Vacbuffer[632], 0x022C,
m_Vacbuffer[633], 0x0230,
m_Vacbuffer[634], 0x0230,
m_Vacbuffer[635], 0x0232,
m_Vacbuffer[636], 0x0234,
m_Vacbuffer[637], 0x0234,
m_Vacbuffer[638], 0x0236,
m_Vacbuffer[639], 0x023A,
m_Vacbuffer[640], 0x023A,
m_Vacbuffer[641], 0x023C,
m_Vacbuffer[642], 0x023D,
m_Vacbuffer[643], 0x0240,
m_Vacbuffer[644], 0x0240,
m_Vacbuffer[645], 0x0244,
m_Vacbuffer[646], 0x0242,
m_Vacbuffer[647], 0x0246,
m_Vacbuffer[648], 0x0247,
m_Vacbuffer[649], 0x0248,
m_Vacbuffer[650], 0x0247,
m_Vacbuffer[651], 0x024D,
m_Vacbuffer[652], 0x024C,
m_Vacbuffer[653], 0x024E,
m_Vacbuffer[654], 0x024F,
m_Vacbuffer[655], 0x0253,
m_Vacbuffer[656], 0x0251,
m_Vacbuffer[657], 0x0256,
m_Vacbuffer[658], 0x0255,
m_Vacbuffer[659], 0x0257,
m_Vacbuffer[660], 0x0258,
m_Vacbuffer[661], 0x025C,
m_Vacbuffer[662], 0x025B,
m_Vacbuffer[663], 0x0260,
m_Vacbuffer[664], 0x025E,
m_Vacbuffer[665], 0x0262,
m_Vacbuffer[666], 0x0262,
m_Vacbuffer[667], 0x0265,
m_Vacbuffer[668], 0x0263,
m_Vacbuffer[669], 0x0269,
m_Vacbuffer[670], 0x0268,
m_Vacbuffer[671], 0x026B,
m_Vacbuffer[672], 0x026B,
m_Vacbuffer[673], 0x026E,
m_Vacbuffer[674], 0x026E,
m_Vacbuffer[675], 0x0271,
m_Vacbuffer[676], 0x0271,
m_Vacbuffer[677], 0x0274,
m_Vacbuffer[678], 0x0276,
m_Vacbuffer[679], 0x0277,
m_Vacbuffer[680], 0x0277,
m_Vacbuffer[681], 0x027B,
m_Vacbuffer[682], 0x027B,
m_Vacbuffer[683], 0x027E,
m_Vacbuffer[684], 0x0281,
m_Vacbuffer[685], 0x0281,
m_Vacbuffer[686], 0x0283,
m_Vacbuffer[687], 0x0285,
m_Vacbuffer[688], 0x0285,
m_Vacbuffer[689], 0x0287,
m_Vacbuffer[690], 0x028A,
m_Vacbuffer[691], 0x028A,
m_Vacbuffer[692], 0x028C,
m_Vacbuffer[693], 0x028E,
m_Vacbuffer[694], 0x0290,
m_Vacbuffer[695], 0x0291,
m_Vacbuffer[696], 0x0291,
m_Vacbuffer[697], 0x0292,
m_Vacbuffer[698], 0x0295,
m_Vacbuffer[699], 0x0298,
m_Vacbuffer[700], 0x0298,
m_Vacbuffer[701], 0x0298,
m_Vacbuffer[702], 0x029D,
m_Vacbuffer[703], 0x029D,
m_Vacbuffer[704], 0x02A0,
m_Vacbuffer[705], 0x02A1,
m_Vacbuffer[706], 0x02A3,
m_Vacbuffer[707], 0x02A3,
m_Vacbuffer[708], 0x02A7,
m_Vacbuffer[709], 0x02A6,
m_Vacbuffer[710], 0x02A9,
m_Vacbuffer[711], 0x02AA,
m_Vacbuffer[712], 0x02AC,
m_Vacbuffer[713], 0x02AB,
m_Vacbuffer[714], 0x02B0,
m_Vacbuffer[715], 0x02AD,
m_Vacbuffer[716], 0x02B3,
m_Vacbuffer[717], 0x02B2,
m_Vacbuffer[718], 0x02B5,
m_Vacbuffer[719], 0x02B4,
m_Vacbuffer[720], 0x02B9,
m_Vacbuffer[721], 0x02B8,
m_Vacbuffer[722], 0x02BC,
m_Vacbuffer[723], 0x02BC,
m_Vacbuffer[724], 0x02BF,
m_Vacbuffer[725], 0x02BE,
m_Vacbuffer[726], 0x02C2,
m_Vacbuffer[727], 0x02C1,
m_Vacbuffer[728], 0x02C4,
m_Vacbuffer[729], 0x02C4,
m_Vacbuffer[730], 0x02C5,
m_Vacbuffer[731], 0x02C6,
m_Vacbuffer[732], 0x02C9,
m_Vacbuffer[733], 0x02C7,
m_Vacbuffer[734], 0x02CB,
m_Vacbuffer[735], 0x02CB,
m_Vacbuffer[736], 0x02CE,
m_Vacbuffer[737], 0x02CE,
m_Vacbuffer[738], 0x02D1,
m_Vacbuffer[739], 0x02D0,
m_Vacbuffer[740], 0x02D3,
m_Vacbuffer[741], 0x02D4,
m_Vacbuffer[742], 0x02D4,
m_Vacbuffer[743], 0x02D4,
m_Vacbuffer[744], 0x02D9,
m_Vacbuffer[745], 0x02D9,
m_Vacbuffer[746], 0x02DB,
m_Vacbuffer[747], 0x02DC,
m_Vacbuffer[748], 0x02DD,
m_Vacbuffer[749], 0x02DE,
m_Vacbuffer[750], 0x02E2,
m_Vacbuffer[751], 0x02E2,
m_Vacbuffer[752], 0x02E3,
m_Vacbuffer[753], 0x02E5,
m_Vacbuffer[754], 0x02E6,
m_Vacbuffer[755], 0x02E8,
m_Vacbuffer[756], 0x02E8,
m_Vacbuffer[757], 0x02E8,
m_Vacbuffer[758], 0x02EA,
m_Vacbuffer[759], 0x02EC,
m_Vacbuffer[760], 0x02ED,
m_Vacbuffer[761], 0x02ED,
m_Vacbuffer[762], 0x02EE,
m_Vacbuffer[763], 0x02F0,
m_Vacbuffer[764], 0x02F0,
m_Vacbuffer[765], 0x02F3,
m_Vacbuffer[766], 0x02F1,
m_Vacbuffer[767], 0x02F3,
m_Vacbuffer[768], 0x02F6,
m_Vacbuffer[769], 0x02F7,
m_Vacbuffer[770], 0x02F6,
m_Vacbuffer[771], 0x02F9,
m_Vacbuffer[772], 0x02F9,
m_Vacbuffer[773], 0x02FC,
m_Vacbuffer[774], 0x02FA,
m_Vacbuffer[775], 0x02FD,
m_Vacbuffer[776], 0x02FD,
m_Vacbuffer[777], 0x0300,
m_Vacbuffer[778], 0x02FE,
m_Vacbuffer[779], 0x0303,
m_Vacbuffer[780], 0x0302,
m_Vacbuffer[781], 0x0304,
m_Vacbuffer[782], 0x0302,
m_Vacbuffer[783], 0x0306,
m_Vacbuffer[784], 0x0305,
m_Vacbuffer[785], 0x0306,
m_Vacbuffer[786], 0x0307,
m_Vacbuffer[787], 0x030A,
m_Vacbuffer[788], 0x0307,
m_Vacbuffer[789], 0x030A,
m_Vacbuffer[790], 0x030C,
m_Vacbuffer[791], 0x030E,
m_Vacbuffer[792], 0x030B,
m_Vacbuffer[793], 0x030E,
m_Vacbuffer[794], 0x030E,
m_Vacbuffer[795], 0x0311,
m_Vacbuffer[796], 0x030F,
m_Vacbuffer[797], 0x0311,
m_Vacbuffer[798], 0x0310,
m_Vacbuffer[799], 0x0312,
m_Vacbuffer[800], 0x0311,
m_Vacbuffer[801], 0x0314,
m_Vacbuffer[802], 0x0313,
m_Vacbuffer[803], 0x0314,
m_Vacbuffer[804], 0x0315,
m_Vacbuffer[805], 0x0317,
m_Vacbuffer[806], 0x0316,
m_Vacbuffer[807], 0x0318,
m_Vacbuffer[808], 0x0317,
m_Vacbuffer[809], 0x0318,
m_Vacbuffer[810], 0x031A,
m_Vacbuffer[811], 0x0318,
m_Vacbuffer[812], 0x0319,
m_Vacbuffer[813], 0x031B,
m_Vacbuffer[814], 0x031D,
m_Vacbuffer[815], 0x031C,
m_Vacbuffer[816], 0x031D,
m_Vacbuffer[817], 0x031D,
m_Vacbuffer[818], 0x0320,
m_Vacbuffer[819], 0x031E,
m_Vacbuffer[820], 0x031E,
m_Vacbuffer[821], 0x031E,
m_Vacbuffer[822], 0x0322,
m_Vacbuffer[823], 0x031E,
m_Vacbuffer[824], 0x0320,
m_Vacbuffer[825], 0x0321,
m_Vacbuffer[826], 0x0323,
m_Vacbuffer[827], 0x0320,
m_Vacbuffer[828], 0x0324,
m_Vacbuffer[829], 0x0321,
m_Vacbuffer[830], 0x0323,
m_Vacbuffer[831], 0x0323,
m_Vacbuffer[832], 0x0324,
m_Vacbuffer[833], 0x0324,
m_Vacbuffer[834], 0x0325,
m_Vacbuffer[835], 0x0325,
m_Vacbuffer[836], 0x0326,
m_Vacbuffer[837], 0x0325,
m_Vacbuffer[838], 0x0328,
m_Vacbuffer[839], 0x0325,
m_Vacbuffer[840], 0x0329,
m_Vacbuffer[841], 0x0326,
m_Vacbuffer[842], 0x0326,
m_Vacbuffer[843], 0x0327,
m_Vacbuffer[844], 0x032A,
m_Vacbuffer[845], 0x0328,
m_Vacbuffer[846], 0x0329,
m_Vacbuffer[847], 0x0326,
m_Vacbuffer[848], 0x032C,
m_Vacbuffer[849], 0x032A,
m_Vacbuffer[850], 0x032B,
m_Vacbuffer[851], 0x0327,
m_Vacbuffer[852], 0x032C,
m_Vacbuffer[853], 0x0329,
m_Vacbuffer[854], 0x032C,
m_Vacbuffer[855], 0x032B,
m_Vacbuffer[856], 0x032C,
m_Vacbuffer[857], 0x032B,
m_Vacbuffer[858], 0x032D,
m_Vacbuffer[859], 0x032D,
m_Vacbuffer[860], 0x032E,
m_Vacbuffer[861], 0x032C,
m_Vacbuffer[862], 0x032D,
m_Vacbuffer[863], 0x032D,
m_Vacbuffer[864], 0x0331,
m_Vacbuffer[865], 0x032F,
m_Vacbuffer[866], 0x032F,
m_Vacbuffer[867], 0x0331,
m_Vacbuffer[868], 0x0330,
m_Vacbuffer[869], 0x0330,
m_Vacbuffer[870], 0x0331,
m_Vacbuffer[871], 0x0330,
m_Vacbuffer[872], 0x0330,
m_Vacbuffer[873], 0x0331,
m_Vacbuffer[874], 0x0332,
m_Vacbuffer[875], 0x0330,
m_Vacbuffer[876], 0x0331,
m_Vacbuffer[877], 0x0333,
m_Vacbuffer[878], 0x0332,
m_Vacbuffer[879], 0x0332,
m_Vacbuffer[880], 0x0332,
m_Vacbuffer[881], 0x0331,
m_Vacbuffer[882], 0x0334,
m_Vacbuffer[883], 0x0333,
m_Vacbuffer[884], 0x0332,
m_Vacbuffer[885], 0x0332,
m_Vacbuffer[886], 0x0332,
m_Vacbuffer[887], 0x0334,
m_Vacbuffer[888], 0x0333,
m_Vacbuffer[889], 0x0334,
m_Vacbuffer[890], 0x0333,
m_Vacbuffer[891], 0x0335,
m_Vacbuffer[892], 0x0333,
m_Vacbuffer[893], 0x0334,
m_Vacbuffer[894], 0x0333,
m_Vacbuffer[895], 0x0335,
m_Vacbuffer[896], 0x0332,
m_Vacbuffer[897], 0x0335,
m_Vacbuffer[898], 0x0332,
m_Vacbuffer[899], 0x0334,
m_Vacbuffer[900], 0x0334,
m_Vacbuffer[901], 0x0335,
m_Vacbuffer[902], 0x0333,
m_Vacbuffer[903], 0x0337,
m_Vacbuffer[904], 0x0333,
m_Vacbuffer[905], 0x0335,
m_Vacbuffer[906], 0x0334,
m_Vacbuffer[907], 0x0335,
m_Vacbuffer[908], 0x0334,
m_Vacbuffer[909], 0x0336,
m_Vacbuffer[910], 0x0335,
m_Vacbuffer[911], 0x0335,
m_Vacbuffer[912], 0x0334,
m_Vacbuffer[913], 0x0336,
m_Vacbuffer[914], 0x0332,
m_Vacbuffer[915], 0x0337,
m_Vacbuffer[916], 0x0333,
m_Vacbuffer[917], 0x0335,
m_Vacbuffer[918], 0x0335,
m_Vacbuffer[919], 0x0335,
m_Vacbuffer[920], 0x032F,
m_Vacbuffer[921], 0x0335,
m_Vacbuffer[922], 0x0333,
m_Vacbuffer[923], 0x0332,
m_Vacbuffer[924], 0x0334,
m_Vacbuffer[925], 0x0335,
m_Vacbuffer[926], 0x0332,
m_Vacbuffer[927], 0x0335,
m_Vacbuffer[928], 0x0332,
m_Vacbuffer[929], 0x0334,
m_Vacbuffer[930], 0x0331,
m_Vacbuffer[931], 0x0331,
m_Vacbuffer[932], 0x032E,
m_Vacbuffer[933], 0x032F,
m_Vacbuffer[934], 0x032D,
m_Vacbuffer[935], 0x032A,
m_Vacbuffer[936], 0x0329,
m_Vacbuffer[937], 0x0328,
m_Vacbuffer[938], 0x0329,
m_Vacbuffer[939], 0x0326,
m_Vacbuffer[940], 0x0326,
m_Vacbuffer[941], 0x0326,
m_Vacbuffer[942], 0x0328,
m_Vacbuffer[943], 0x0326,
m_Vacbuffer[944], 0x0326,
m_Vacbuffer[945], 0x0326,
m_Vacbuffer[946], 0x0324,
m_Vacbuffer[947], 0x0324,
m_Vacbuffer[948], 0x0326,
m_Vacbuffer[949], 0x0323,
m_Vacbuffer[950], 0x0324,
m_Vacbuffer[951], 0x0320,
m_Vacbuffer[952], 0x0321,
m_Vacbuffer[953], 0x031D,
m_Vacbuffer[954], 0x0320,
m_Vacbuffer[955], 0x031D,
m_Vacbuffer[956], 0x031B,
m_Vacbuffer[957], 0x031B,
m_Vacbuffer[958], 0x031C,
m_Vacbuffer[959], 0x0318,
m_Vacbuffer[960], 0x031A,
m_Vacbuffer[961], 0x0318,
m_Vacbuffer[962], 0x0318,
m_Vacbuffer[963], 0x0316,
m_Vacbuffer[964], 0x0317,
m_Vacbuffer[965], 0x0314,
m_Vacbuffer[966], 0x0315,
m_Vacbuffer[967], 0x0312,
m_Vacbuffer[968], 0x0313,
m_Vacbuffer[969], 0x0311,
m_Vacbuffer[970], 0x0312,
m_Vacbuffer[971], 0x030F,
m_Vacbuffer[972], 0x0310,
m_Vacbuffer[973], 0x030C,
m_Vacbuffer[974], 0x030E,
m_Vacbuffer[975], 0x030C,
m_Vacbuffer[976], 0x030C,
m_Vacbuffer[977], 0x0308,
m_Vacbuffer[978], 0x030A,
m_Vacbuffer[979], 0x0308,
m_Vacbuffer[980], 0x0307,
m_Vacbuffer[981], 0x0305,
m_Vacbuffer[982], 0x0305,
m_Vacbuffer[983], 0x0302,
m_Vacbuffer[984], 0x0303,
m_Vacbuffer[985], 0x0300,
m_Vacbuffer[986], 0x0300,
m_Vacbuffer[987], 0x02FF,
m_Vacbuffer[988], 0x02FF,
m_Vacbuffer[989], 0x02FD,
m_Vacbuffer[990], 0x02FE,
m_Vacbuffer[991], 0x02FB,
m_Vacbuffer[992], 0x02FA,
m_Vacbuffer[993], 0x02F9,
m_Vacbuffer[994], 0x02F9,
m_Vacbuffer[995], 0x02F8,
m_Vacbuffer[996], 0x02F7,
m_Vacbuffer[997], 0x02F4,
m_Vacbuffer[998], 0x02F4,
m_Vacbuffer[999], 0x02F2,
m_Vacbuffer[1000], 0x02F1,
m_Vacbuffer[1001], 0x02F0,
m_Vacbuffer[1002], 0x02EE,
m_Vacbuffer[1003], 0x02ED,
m_Vacbuffer[1004], 0x02EE,
m_Vacbuffer[1005], 0x02EB,
m_Vacbuffer[1006], 0x02EA,
m_Vacbuffer[1007], 0x02E9,
m_Vacbuffer[1008], 0x02E9,
m_Vacbuffer[1009], 0x02E7,
m_Vacbuffer[1010], 0x02E6,
m_Vacbuffer[1011], 0x02E6,
m_Vacbuffer[1012], 0x02E4,
m_Vacbuffer[1013], 0x02E3,
m_Vacbuffer[1014], 0x02E1,
m_Vacbuffer[1015], 0x02E1,
m_Vacbuffer[1016], 0x02DF,
m_Vacbuffer[1017], 0x02DF,
m_Vacbuffer[1018], 0x02DC,
m_Vacbuffer[1019], 0x02DD,
m_Vacbuffer[1020], 0x02DA,
m_Vacbuffer[1021], 0x02DB,
m_Vacbuffer[1022], 0x02D7,
m_Vacbuffer[1023], 0x02D7,
m_Vacbuffer[1024], 0x02D5,
m_Vacbuffer[1025], 0x02D4,
m_Vacbuffer[1026], 0x02D2,
m_Vacbuffer[1027], 0x02D3,
m_Vacbuffer[1028], 0x02CF,
m_Vacbuffer[1029], 0x02D0,
m_Vacbuffer[1030], 0x02CD,
m_Vacbuffer[1031], 0x02CE,
m_Vacbuffer[1032], 0x02C9,
m_Vacbuffer[1033], 0x02CB,
m_Vacbuffer[1034], 0x02C7,
m_Vacbuffer[1035], 0x02C7,
m_Vacbuffer[1036], 0x02C6,
m_Vacbuffer[1037], 0x02C5,
m_Vacbuffer[1038], 0x02C2,
m_Vacbuffer[1039], 0x02C3,
m_Vacbuffer[1040], 0x02BF,
m_Vacbuffer[1041], 0x02C0,
m_Vacbuffer[1042], 0x02BE,
m_Vacbuffer[1043], 0x02BD,
m_Vacbuffer[1044], 0x02BA,
m_Vacbuffer[1045], 0x02BC,
m_Vacbuffer[1046], 0x02B6,
m_Vacbuffer[1047], 0x02B8,
m_Vacbuffer[1048], 0x02B5,
m_Vacbuffer[1049], 0x02B5,
m_Vacbuffer[1050], 0x02B2,
m_Vacbuffer[1051], 0x02B3,
m_Vacbuffer[1052], 0x02B0,
m_Vacbuffer[1053], 0x02AE,
m_Vacbuffer[1054], 0x02AC,
m_Vacbuffer[1055], 0x02AC,
m_Vacbuffer[1056], 0x02A7,
m_Vacbuffer[1057], 0x02A7,
m_Vacbuffer[1058], 0x02A4,
m_Vacbuffer[1059], 0x02A3,
m_Vacbuffer[1060], 0x02A0,
m_Vacbuffer[1061], 0x029F,
m_Vacbuffer[1062], 0x029D,
m_Vacbuffer[1063], 0x029C,
m_Vacbuffer[1064], 0x029A,
m_Vacbuffer[1065], 0x0298,
m_Vacbuffer[1066], 0x0298,
m_Vacbuffer[1067], 0x0297,
m_Vacbuffer[1068], 0x0295,
m_Vacbuffer[1069], 0x0292,
m_Vacbuffer[1070], 0x0292,
m_Vacbuffer[1071], 0x0290,
m_Vacbuffer[1072], 0x028F,
m_Vacbuffer[1073], 0x028D,
m_Vacbuffer[1074], 0x028C,
m_Vacbuffer[1075], 0x028A,
m_Vacbuffer[1076], 0x0288,
m_Vacbuffer[1077], 0x0286,
m_Vacbuffer[1078], 0x0286,
m_Vacbuffer[1079], 0x0283,
m_Vacbuffer[1080], 0x0281,
m_Vacbuffer[1081], 0x0281,
m_Vacbuffer[1082], 0x027E,
m_Vacbuffer[1083], 0x027C,
m_Vacbuffer[1084], 0x027D,
m_Vacbuffer[1085], 0x027A,
m_Vacbuffer[1086], 0x027A,
m_Vacbuffer[1087], 0x0277,
m_Vacbuffer[1088], 0x0277,
m_Vacbuffer[1089], 0x0274,
m_Vacbuffer[1090], 0x0275,
m_Vacbuffer[1091], 0x016E,
m_Vacbuffer[1092], 0x0172,
m_Vacbuffer[1093], 0x0173,
m_Vacbuffer[1094], 0x0176,
m_Vacbuffer[1095], 0x0176,
m_Vacbuffer[1096], 0x0178,
m_Vacbuffer[1097], 0x0178,
m_Vacbuffer[1098], 0x017B,
m_Vacbuffer[1099], 0x017B,
m_Vacbuffer[1100], 0x017C,
m_Vacbuffer[1101], 0x017B,
m_Vacbuffer[1102], 0x017F,
m_Vacbuffer[1103], 0x017E,
m_Vacbuffer[1104], 0x0181,
m_Vacbuffer[1105], 0x0181,
m_Vacbuffer[1106], 0x0184,
m_Vacbuffer[1107], 0x0184,
m_Vacbuffer[1108], 0x0187,
m_Vacbuffer[1109], 0x0185,
m_Vacbuffer[1110], 0x0189,
m_Vacbuffer[1111], 0x0187,
m_Vacbuffer[1112], 0x018D,
m_Vacbuffer[1113], 0x018A,
m_Vacbuffer[1114], 0x018E,
m_Vacbuffer[1115], 0x018D,
m_Vacbuffer[1116], 0x0191,
m_Vacbuffer[1117], 0x0190,
m_Vacbuffer[1118], 0x0193,
m_Vacbuffer[1119], 0x0192,
m_Vacbuffer[1120], 0x0195,
m_Vacbuffer[1121], 0x0196,
m_Vacbuffer[1122], 0x0197,
m_Vacbuffer[1123], 0x0197,
