SaveData[0], 0x0140,
SaveData[1], 0x0140,
SaveData[2], 0x0140,
SaveData[3], 0x0140,
SaveData[4], 0x0140,
SaveData[5], 0x0140,
SaveData[6], 0x0140,
SaveData[7], 0x0140,
SaveData[8], 0x0140,
SaveData[9], 0x0140,
SaveData[10], 0x0140,
SaveData[11], 0x0140,
SaveData[12], 0x0140,
SaveData[13], 0x0140,
SaveData[14], 0x0140,
SaveData[15], 0x0140,
SaveData[16], 0x0140,
SaveData[17], 0x0140,
SaveData[18], 0x0140,
SaveData[19], 0x0140,
SaveData[20], 0x0140,
SaveData[21], 0x0140,
SaveData[22], 0x0140,
SaveData[23], 0x0140,
SaveData[24], 0x0140,
SaveData[25], 0x0140,
SaveData[26], 0x0140,
SaveData[27], 0x0140,
SaveData[28], 0x0140,
SaveData[29], 0x0140,
SaveData[30], 0x0140,
SaveData[31], 0x0140,
SaveData[32], 0x0140,
SaveData[33], 0x0140,
SaveData[34], 0x0140,
SaveData[35], 0x0140,
SaveData[36], 0x0140,
SaveData[37], 0x0140,
SaveData[38], 0x0140,
SaveData[39], 0x0140,
SaveData[40], 0x0140,
SaveData[41], 0x0140,
SaveData[42], 0x0140,
SaveData[43], 0x0140,
SaveData[44], 0x0140,
SaveData[45], 0x0140,
SaveData[46], 0x0140,
SaveData[47], 0x0140,
SaveData[48], 0x0140,
SaveData[49], 0x0140,
SaveData[50], 0x0140,
SaveData[51], 0x0140,
SaveData[52], 0x0140,
SaveData[53], 0x0140,
SaveData[54], 0x0140,
SaveData[55], 0x0140,
SaveData[56], 0x0140,
SaveData[57], 0x0140,
SaveData[58], 0x0140,
SaveData[59], 0x0140,
SaveData[60], 0x0140,
SaveData[61], 0x0140,
SaveData[62], 0x0140,
SaveData[63], 0x0140,
SaveData[64], 0x0140,
SaveData[65], 0x0140,
SaveData[66], 0x0140,
SaveData[67], 0x0140,
SaveData[68], 0x0140,
SaveData[69], 0x0140,
SaveData[70], 0x0140,
SaveData[71], 0x0140,
SaveData[72], 0x0140,
SaveData[73], 0x0140,
SaveData[74], 0x0140,
SaveData[75], 0x0140,
SaveData[76], 0x0140,
SaveData[77], 0x0140,
SaveData[78], 0x0140,
SaveData[79], 0x0140,
SaveData[80], 0x0140,
SaveData[81], 0x0140,
SaveData[82], 0x0140,
SaveData[83], 0x0140,
SaveData[84], 0x0140,
SaveData[85], 0x0140,
SaveData[86], 0x0140,
SaveData[87], 0x0140,
SaveData[88], 0x0140,
SaveData[89], 0x0140,
SaveData[90], 0x0140,
SaveData[91], 0x0140,
SaveData[92], 0x0140,
SaveData[93], 0x0140,
SaveData[94], 0x0140,
SaveData[95], 0x0140,
SaveData[96], 0x0140,
SaveData[97], 0x0140,
SaveData[98], 0x0140,
SaveData[99], 0x0140,
SaveData[100], 0x0140,
SaveData[101], 0x0140,
SaveData[102], 0x0140,
SaveData[103], 0x0140,
SaveData[104], 0x0140,
SaveData[105], 0x0140,
SaveData[106], 0x0140,
SaveData[107], 0x0140,
SaveData[108], 0x0140,
SaveData[109], 0x0140,
SaveData[110], 0x0140,
SaveData[111], 0x0140,
SaveData[112], 0x0140,
SaveData[113], 0x0141,
SaveData[114], 0x0143,
SaveData[115], 0x0145,
SaveData[116], 0x0147,
SaveData[117], 0x0149,
SaveData[118], 0x014B,
SaveData[119], 0x014C,
SaveData[120], 0x014E,
SaveData[121], 0x0150,
SaveData[122], 0x0152,
SaveData[123], 0x0154,
SaveData[124], 0x0155,
SaveData[125], 0x0157,
SaveData[126], 0x0159,
SaveData[127], 0x015A,
SaveData[128], 0x015B,
SaveData[129], 0x017C,
SaveData[130], 0x017E,
SaveData[131], 0x0180,
SaveData[132], 0x0182,
SaveData[133], 0x0184,
SaveData[134], 0x0185,
SaveData[135], 0x0187,
SaveData[136], 0x0189,
SaveData[137], 0x018B,
SaveData[138], 0x018D,
SaveData[139], 0x018F,
SaveData[140], 0x0190,
SaveData[141], 0x0192,
SaveData[142], 0x0193,
SaveData[143], 0x0195,
SaveData[144], 0x0198,
SaveData[145], 0x01B9,
SaveData[146], 0x01BC,
SaveData[147], 0x01BE,
SaveData[148], 0x01C0,
SaveData[149], 0x01C2,
SaveData[150], 0x01C3,
SaveData[151], 0x01C5,
SaveData[152], 0x01C7,
SaveData[153], 0x01C9,
SaveData[154], 0x01CB,
SaveData[155], 0x01CC,
SaveData[156], 0x01CE,
SaveData[157], 0x01D0,
SaveData[158], 0x01D2,
SaveData[159], 0x01D4,
SaveData[160], 0x01D6,
SaveData[161], 0x01F8,
SaveData[162], 0x01FA,
SaveData[163], 0x01FE,
SaveData[164], 0x0201,
SaveData[165], 0x0203,
SaveData[166], 0x0204,
SaveData[167], 0x0206,
SaveData[168], 0x0208,
SaveData[169], 0x020A,
SaveData[170], 0x020C,
SaveData[171], 0x020D,
SaveData[172], 0x020F,
SaveData[173], 0x0211,
SaveData[174], 0x0213,
SaveData[175], 0x0214,
SaveData[176], 0x0216,
SaveData[177], 0x0238,
SaveData[178], 0x023B,
SaveData[179], 0x023E,
SaveData[180], 0x0241,
SaveData[181], 0x0244,
SaveData[182], 0x0246,
SaveData[183], 0x0249,
SaveData[184], 0x024C,
SaveData[185], 0x024F,
SaveData[186], 0x0252,
SaveData[187], 0x0254,
SaveData[188], 0x0257,
SaveData[189], 0x025A,
SaveData[190], 0x025D,
SaveData[191], 0x0260,
SaveData[192], 0x0261,
SaveData[193], 0x0284,
SaveData[194], 0x0287,
SaveData[195], 0x028A,
SaveData[196], 0x028D,
SaveData[197], 0x028F,
SaveData[198], 0x0292,
SaveData[199], 0x0295,
SaveData[200], 0x0298,
SaveData[201], 0x029B,
SaveData[202], 0x029E,
SaveData[203], 0x02A0,
SaveData[204], 0x02A3,
SaveData[205], 0x02A6,
SaveData[206], 0x02A9,
SaveData[207], 0x02AC,
SaveData[208], 0x02AE,
SaveData[209], 0x02D2,
SaveData[210], 0x02D6,
SaveData[211], 0x02D9,
SaveData[212], 0x02DC,
SaveData[213], 0x02DD,
SaveData[214], 0x02E0,
SaveData[215], 0x02E4,
SaveData[216], 0x02E7,
SaveData[217], 0x02EA,
SaveData[218], 0x02ED,
SaveData[219], 0x02EF,
SaveData[220], 0x02F2,
SaveData[221], 0x02F5,
SaveData[222], 0x02F8,
SaveData[223], 0x02FB,
SaveData[224], 0x02FD,
SaveData[225], 0x0321,
SaveData[226], 0x0324,
SaveData[227], 0x0328,
SaveData[228], 0x032C,
SaveData[229], 0x0330,
SaveData[230], 0x0333,
SaveData[231], 0x0336,
SaveData[232], 0x0339,
SaveData[233], 0x033C,
SaveData[234], 0x033E,
SaveData[235], 0x0341,
SaveData[236], 0x0344,
SaveData[237], 0x0347,
SaveData[238], 0x034A,
SaveData[239], 0x034D,
SaveData[240], 0x034F,
SaveData[241], 0x0372,
SaveData[242], 0x0376,
SaveData[243], 0x037B,
SaveData[244], 0x037F,
SaveData[245], 0x0381,
SaveData[246], 0x0385,
SaveData[247], 0x0389,
SaveData[248], 0x038D,
SaveData[249], 0x0391,
SaveData[250], 0x0395,
SaveData[251], 0x0399,
SaveData[252], 0x039D,
SaveData[253], 0x03A1,
SaveData[254], 0x03A5,
SaveData[255], 0x03A8,
SaveData[256], 0x03AC,
SaveData[257], 0x03D0,
SaveData[258], 0x03D3,
SaveData[259], 0x03D7,
SaveData[260], 0x03DB,
SaveData[261], 0x03DE,
SaveData[262], 0x03E3,
SaveData[263], 0x03E7,
SaveData[264], 0x03EB,
SaveData[265], 0x03EF,
SaveData[266], 0x03F2,
SaveData[267], 0x03F6,
SaveData[268], 0x03FA,
SaveData[269], 0x03FE,
SaveData[270], 0x0402,
SaveData[271], 0x0405,
SaveData[272], 0x0409,
SaveData[273], 0x042E,
SaveData[274], 0x0433,
SaveData[275], 0x0437,
SaveData[276], 0x043A,
SaveData[277], 0x043D,
SaveData[278], 0x0441,
SaveData[279], 0x0446,
SaveData[280], 0x044A,
SaveData[281], 0x044E,
SaveData[282], 0x0451,
SaveData[283], 0x0455,
SaveData[284], 0x0459,
SaveData[285], 0x045D,
SaveData[286], 0x0461,
SaveData[287], 0x0464,
SaveData[288], 0x0468,
SaveData[289], 0x048D,
SaveData[290], 0x0492,
SaveData[291], 0x0497,
SaveData[292], 0x049B,
SaveData[293], 0x04A0,
SaveData[294], 0x04A4,
SaveData[295], 0x04A8,
SaveData[296], 0x04AC,
SaveData[297], 0x04B0,
SaveData[298], 0x04B3,
SaveData[299], 0x04B7,
SaveData[300], 0x04BB,
SaveData[301], 0x04BF,
SaveData[302], 0x04C4,
SaveData[303], 0x04C7,
SaveData[304], 0x04CA,
SaveData[305], 0x04EF,
SaveData[306], 0x04F4,
SaveData[307], 0x04F9,
SaveData[308], 0x04FD,
SaveData[309], 0x0502,
SaveData[310], 0x0507,
SaveData[311], 0x050C,
SaveData[312], 0x0511,
SaveData[313], 0x0515,
SaveData[314], 0x051A,
SaveData[315], 0x051F,
SaveData[316], 0x0524,
SaveData[317], 0x052A,
SaveData[318], 0x052F,
SaveData[319], 0x0533,
SaveData[320], 0x0538,
SaveData[321], 0x055D,
SaveData[322], 0x0561,
SaveData[323], 0x0566,
SaveData[324], 0x056A,
SaveData[325], 0x056F,
SaveData[326], 0x0574,
SaveData[327], 0x057A,
SaveData[328], 0x057F,
SaveData[329], 0x0583,
SaveData[330], 0x0588,
SaveData[331], 0x058D,
SaveData[332], 0x0592,
SaveData[333], 0x0597,
SaveData[334], 0x059B,
SaveData[335], 0x05A0,
SaveData[336], 0x05A5,
SaveData[337], 0x05CB,
SaveData[338], 0x05D1,
SaveData[339], 0x05D6,
SaveData[340], 0x05DA,
SaveData[341], 0x05DF,
SaveData[342], 0x05E4,
SaveData[343], 0x05E9,
SaveData[344], 0x05EE,
SaveData[345], 0x05F2,
SaveData[346], 0x05F7,
SaveData[347], 0x05FC,
SaveData[348], 0x0601,
SaveData[349], 0x0606,
SaveData[350], 0x060A,
SaveData[351], 0x0610,
SaveData[352], 0x0615,
SaveData[353], 0x063A,
SaveData[354], 0x0640,
SaveData[355], 0x0645,
SaveData[356], 0x064B,
SaveData[357], 0x0651,
SaveData[358], 0x0657,
SaveData[359], 0x065D,
SaveData[360], 0x0662,
SaveData[361], 0x0666,
SaveData[362], 0x066B,
SaveData[363], 0x0670,
SaveData[364], 0x0675,
SaveData[365], 0x067A,
SaveData[366], 0x067E,
SaveData[367], 0x0683,
SaveData[368], 0x0688,
SaveData[369], 0x06AE,
SaveData[370], 0x06B4,
SaveData[371], 0x06B9,
SaveData[372], 0x06BF,
SaveData[373], 0x06C5,
SaveData[374], 0x06CB,
SaveData[375], 0x06D1,
SaveData[376], 0x06D6,
SaveData[377], 0x06DC,
SaveData[378], 0x06E2,
SaveData[379], 0x06E8,
SaveData[380], 0x06EE,
SaveData[381], 0x06F5,
SaveData[382], 0x06FA,
SaveData[383], 0x0700,
SaveData[384], 0x0706,
SaveData[385], 0x072D,
SaveData[386], 0x0732,
SaveData[387], 0x0737,
SaveData[388], 0x073D,
SaveData[389], 0x0744,
SaveData[390], 0x074A,
SaveData[391], 0x0750,
SaveData[392], 0x0755,
SaveData[393], 0x075B,
SaveData[394], 0x0761,
SaveData[395], 0x0767,
SaveData[396], 0x076D,
SaveData[397], 0x0774,
SaveData[398], 0x0779,
SaveData[399], 0x077F,
SaveData[400], 0x0785,
SaveData[401], 0x07AB,
SaveData[402], 0x07B2,
SaveData[403], 0x07B7,
SaveData[404], 0x07BE,
SaveData[405], 0x07C4,
SaveData[406], 0x07C9,
SaveData[407], 0x07CF,
SaveData[408], 0x07D4,
SaveData[409], 0x07DB,
SaveData[410], 0x07E1,
SaveData[411], 0x07E7,
SaveData[412], 0x07ED,
SaveData[413], 0x07F2,
SaveData[414], 0x07F8,
SaveData[415], 0x07FE,
SaveData[416], 0x0804,
SaveData[417], 0x082B,
SaveData[418], 0x0832,
SaveData[419], 0x0838,
SaveData[420], 0x083F,
SaveData[421], 0x0846,
SaveData[422], 0x084D,
SaveData[423], 0x0854,
SaveData[424], 0x085A,
SaveData[425], 0x0860,
SaveData[426], 0x0866,
SaveData[427], 0x086C,
SaveData[428], 0x0872,
SaveData[429], 0x0877,
SaveData[430], 0x087D,
SaveData[431], 0x0883,
SaveData[432], 0x088A,
SaveData[433], 0x08B0,
SaveData[434], 0x08B6,
SaveData[435], 0x08BD,
SaveData[436], 0x08C4,
SaveData[437], 0x08CB,
SaveData[438], 0x08D2,
SaveData[439], 0x08D9,
SaveData[440], 0x08DF,
SaveData[441], 0x08E6,
SaveData[442], 0x08ED,
SaveData[443], 0x08F5,
SaveData[444], 0x08FC,
SaveData[445], 0x0902,
SaveData[446], 0x0909,
SaveData[447], 0x0910,
SaveData[448], 0x0917,
SaveData[449], 0x093F,
SaveData[450], 0x0946,
SaveData[451], 0x094D,
SaveData[452], 0x0954,
SaveData[453], 0x095B,
SaveData[454], 0x0962,
SaveData[455], 0x0968,
SaveData[456], 0x0970,
SaveData[457], 0x0977,
SaveData[458], 0x097E,
SaveData[459], 0x0985,
SaveData[460], 0x098C,
SaveData[461], 0x0992,
SaveData[462], 0x0999,
SaveData[463], 0x09A1,
SaveData[464], 0x09A8,
SaveData[465], 0x09CF,
SaveData[466], 0x09D6,
SaveData[467], 0x09DD,
SaveData[468], 0x09E4,
SaveData[469], 0x09EB,
SaveData[470], 0x09F3,
SaveData[471], 0x09F8,
SaveData[472], 0x09FF,
SaveData[473], 0x0A07,
SaveData[474], 0x0A0E,
SaveData[475], 0x0A15,
SaveData[476], 0x0A1C,
SaveData[477], 0x0A22,
SaveData[478], 0x0A29,
SaveData[479], 0x0A30,
SaveData[480], 0x0A37,
SaveData[481], 0x0A5F,
SaveData[482], 0x0A66,
SaveData[483], 0x0A6E,
SaveData[484], 0x0A76,
SaveData[485], 0x0A7E,
SaveData[486], 0x0A87,
SaveData[487], 0x0A8E,
SaveData[488], 0x0A96,
SaveData[489], 0x0A9D,
SaveData[490], 0x0AA4,
SaveData[491], 0x0AAB,
SaveData[492], 0x0AB1,
SaveData[493], 0x0AB9,
SaveData[494], 0x0AC0,
SaveData[495], 0x0AC7,
SaveData[496], 0x0ACE,
SaveData[497], 0x0AF6,
SaveData[498], 0x0AFC,
SaveData[499], 0x0B05,
SaveData[500], 0x0B0D,
SaveData[501], 0x0B15,
SaveData[502], 0x0B1D,
SaveData[503], 0x0B24,
SaveData[504], 0x0B2C,
SaveData[505], 0x0B34,
SaveData[506], 0x0B3C,
SaveData[507], 0x0B44,
SaveData[508], 0x0B4B,
SaveData[509], 0x0B54,
SaveData[510], 0x0B54,
SaveData[511], 0x0B54,
SaveData[512], 0x0B54,
SaveData[513], 0x0B54,
SaveData[514], 0x0B54,
SaveData[515], 0x0B54,
SaveData[516], 0x0B54,
SaveData[517], 0x0B54,
SaveData[518], 0x0B54,
SaveData[519], 0x0B54,
SaveData[520], 0x0B54,
SaveData[521], 0x0B54,
SaveData[522], 0x0B54,
SaveData[523], 0x0B54,
SaveData[524], 0x0B54,
SaveData[525], 0x0B54,
SaveData[526], 0x0B54,
SaveData[527], 0x0B54,
SaveData[528], 0x0B54,
SaveData[529], 0x0B54,
SaveData[530], 0x0B54,
SaveData[531], 0x0B54,
SaveData[532], 0x0B54,
SaveData[533], 0x0B54,
SaveData[534], 0x0B54,
SaveData[535], 0x0B54,
SaveData[536], 0x0B54,
SaveData[537], 0x0B54,
SaveData[538], 0x0B54,
SaveData[539], 0x0B54,
SaveData[540], 0x0B54,
SaveData[541], 0x0B54,
SaveData[542], 0x0B54,
SaveData[543], 0x0B54,
SaveData[544], 0x0B54,
SaveData[545], 0x0B54,
SaveData[546], 0x0B54,
SaveData[547], 0x0B54,
SaveData[548], 0x0B54,
SaveData[549], 0x0B54,
SaveData[550], 0x0B54,
SaveData[551], 0x0B54,
SaveData[552], 0x0B54,
SaveData[553], 0x0B54,
SaveData[554], 0x0B54,
SaveData[555], 0x0B54,
SaveData[556], 0x0B54,
SaveData[557], 0x0B54,
SaveData[558], 0x0B54,
SaveData[559], 0x0B54,
SaveData[560], 0x0B54,
SaveData[561], 0x0B54,
SaveData[562], 0x0B54,
SaveData[563], 0x0B54,
SaveData[564], 0x0B54,
SaveData[565], 0x0B54,
SaveData[566], 0x0B54,
SaveData[567], 0x0B54,
SaveData[568], 0x0B54,
SaveData[569], 0x0B54,
SaveData[570], 0x0B54,
SaveData[571], 0x0B54,
SaveData[572], 0x0B54,
SaveData[573], 0x0B54,
SaveData[574], 0x0B54,
SaveData[575], 0x0B54,
SaveData[576], 0x0B54,
SaveData[577], 0x0B54,
SaveData[578], 0x0B54,
SaveData[579], 0x0B54,
SaveData[580], 0x0B54,
SaveData[581], 0x0B54,
SaveData[582], 0x0B54,
SaveData[583], 0x0B54,
SaveData[584], 0x0B54,
SaveData[585], 0x0B54,
SaveData[586], 0x0B54,
SaveData[587], 0x0B54,
SaveData[588], 0x0B54,
SaveData[589], 0x0B54,
SaveData[590], 0x0B54,
SaveData[591], 0x0B54,
SaveData[592], 0x0B54,
SaveData[593], 0x0B54,
SaveData[594], 0x0B54,
SaveData[595], 0x0B54,
SaveData[596], 0x0B54,
SaveData[597], 0x0B54,
SaveData[598], 0x0B54,
SaveData[599], 0x0B54,
SaveData[600], 0x0B54,
SaveData[601], 0x0B54,
SaveData[602], 0x0B54,
SaveData[603], 0x0B54,
SaveData[604], 0x0B54,
SaveData[605], 0x0B54,
SaveData[606], 0x0B54,
SaveData[607], 0x0B54,
SaveData[608], 0x0B54,
SaveData[609], 0x0B54,
SaveData[610], 0x0B54,
SaveData[611], 0x0B54,
SaveData[612], 0x0B54,
SaveData[613], 0x0B54,
SaveData[614], 0x0B54,
SaveData[615], 0x0B54,
SaveData[616], 0x0B54,
SaveData[617], 0x0B54,
SaveData[618], 0x0B54,
SaveData[619], 0x0B54,
SaveData[620], 0x0B54,
SaveData[621], 0x0B54,
SaveData[622], 0x0B54,
SaveData[623], 0x0B54,
SaveData[624], 0x0B54,
SaveData[625], 0x0B54,
SaveData[626], 0x0B54,
SaveData[627], 0x0B54,
SaveData[628], 0x0B54,
SaveData[629], 0x0B54,
SaveData[630], 0x0B54,
SaveData[631], 0x0B54,
SaveData[632], 0x0B54,
SaveData[633], 0x0B54,
SaveData[634], 0x0B54,
SaveData[635], 0x0B54,
SaveData[636], 0x0B54,
SaveData[637], 0x0B54,
SaveData[638], 0x0B54,
SaveData[639], 0x0B54,
SaveData[640], 0x0B54,
SaveData[641], 0x0B54,
SaveData[642], 0x0B54,
SaveData[643], 0x0B54,
SaveData[644], 0x0B54,
SaveData[645], 0x0B54,
SaveData[646], 0x0B54,
SaveData[647], 0x0B54,
SaveData[648], 0x0B54,
SaveData[649], 0x0B54,
SaveData[650], 0x0B54,
SaveData[651], 0x0B54,
SaveData[652], 0x0B54,
SaveData[653], 0x0B54,
SaveData[654], 0x0B54,
SaveData[655], 0x0B54,
SaveData[656], 0x0B54,
SaveData[657], 0x0B54,
SaveData[658], 0x0B54,
SaveData[659], 0x0B54,
SaveData[660], 0x0B54,
SaveData[661], 0x0B54,
SaveData[662], 0x0B54,
SaveData[663], 0x0B54,
SaveData[664], 0x0B54,
SaveData[665], 0x0B54,
SaveData[666], 0x0B54,
SaveData[667], 0x0B54,
SaveData[668], 0x0B54,
SaveData[669], 0x0B54,
SaveData[670], 0x0B54,
SaveData[671], 0x0B54,
SaveData[672], 0x0B54,
SaveData[673], 0x0B54,
SaveData[674], 0x0B54,
SaveData[675], 0x0B54,
SaveData[676], 0x0B54,
SaveData[677], 0x0B54,
SaveData[678], 0x0B54,
SaveData[679], 0x0B54,
SaveData[680], 0x0B54,
SaveData[681], 0x0B54,
SaveData[682], 0x0B54,
SaveData[683], 0x0B54,
SaveData[684], 0x0B54,
SaveData[685], 0x0B54,
SaveData[686], 0x0B54,
SaveData[687], 0x0B54,
SaveData[688], 0x0B54,
SaveData[689], 0x0B54,
SaveData[690], 0x0B54,
SaveData[691], 0x0B54,
SaveData[692], 0x0B54,
SaveData[693], 0x0B54,
SaveData[694], 0x0B54,
SaveData[695], 0x0B54,
SaveData[696], 0x0B54,
SaveData[697], 0x0B54,
SaveData[698], 0x0B54,
SaveData[699], 0x0B54,
SaveData[700], 0x0B54,
SaveData[701], 0x0B54,
SaveData[702], 0x0B54,
SaveData[703], 0x0B54,
SaveData[704], 0x0B54,
SaveData[705], 0x0B54,
SaveData[706], 0x0B54,
SaveData[707], 0x0B54,
SaveData[708], 0x0B54,
SaveData[709], 0x0B54,
SaveData[710], 0x0B54,
SaveData[711], 0x0B54,
SaveData[712], 0x0B54,
SaveData[713], 0x0B54,
SaveData[714], 0x0B54,
SaveData[715], 0x0B54,
SaveData[716], 0x0B54,
SaveData[717], 0x0B54,
SaveData[718], 0x0B54,
SaveData[719], 0x0B54,
SaveData[720], 0x0B54,
SaveData[721], 0x0B54,
SaveData[722], 0x0B54,
SaveData[723], 0x0B54,
SaveData[724], 0x0B54,
SaveData[725], 0x0B54,
SaveData[726], 0x0B54,
SaveData[727], 0x0B54,
SaveData[728], 0x0B54,
SaveData[729], 0x0B54,
SaveData[730], 0x0B54,
SaveData[731], 0x0B54,
SaveData[732], 0x0B54,
SaveData[733], 0x0B54,
SaveData[734], 0x0B54,
SaveData[735], 0x0B54,
SaveData[736], 0x0B54,
SaveData[737], 0x0B54,
SaveData[738], 0x0B54,
SaveData[739], 0x0B54,
SaveData[740], 0x0B54,
SaveData[741], 0x0B54,
SaveData[742], 0x0B54,
SaveData[743], 0x0B54,
SaveData[744], 0x0B54,
SaveData[745], 0x0B54,
SaveData[746], 0x0B54,
SaveData[747], 0x0B54,
SaveData[748], 0x0B54,
SaveData[749], 0x0B54,
SaveData[750], 0x0B54,
SaveData[751], 0x0B54,
SaveData[752], 0x0B54,
SaveData[753], 0x0B54,
SaveData[754], 0x0B54,
SaveData[755], 0x0B54,
SaveData[756], 0x0B54,
SaveData[757], 0x0B54,
SaveData[758], 0x0B54,
SaveData[759], 0x0B54,
SaveData[760], 0x0B54,
SaveData[761], 0x0B54,
SaveData[762], 0x0B54,
SaveData[763], 0x0B54,
SaveData[764], 0x0B54,
SaveData[765], 0x0B54,
SaveData[766], 0x0B54,
SaveData[767], 0x0B54,
SaveData[768], 0x0B54,
SaveData[769], 0x0B54,
SaveData[770], 0x0B54,
SaveData[771], 0x0B54,
SaveData[772], 0x0B54,
SaveData[773], 0x0B54,
SaveData[774], 0x0B54,
SaveData[775], 0x0B54,
SaveData[776], 0x0B54,
SaveData[777], 0x0B54,
SaveData[778], 0x0B54,
SaveData[779], 0x0B54,
SaveData[780], 0x0B54,
SaveData[781], 0x0B54,
SaveData[782], 0x0B54,
SaveData[783], 0x0B54,
SaveData[784], 0x0B54,
SaveData[785], 0x0B54,
SaveData[786], 0x0B54,
SaveData[787], 0x0B54,
SaveData[788], 0x0B54,
SaveData[789], 0x0B54,
SaveData[790], 0x0B54,
SaveData[791], 0x0B54,
SaveData[792], 0x0B54,
SaveData[793], 0x0B54,
SaveData[794], 0x0B54,
SaveData[795], 0x0B54,
SaveData[796], 0x0B54,
SaveData[797], 0x0B54,
SaveData[798], 0x0B54,
SaveData[799], 0x0B54,
SaveData[800], 0x0B54,
SaveData[801], 0x0B54,
SaveData[802], 0x0B54,
SaveData[803], 0x0B54,
SaveData[804], 0x0B54,
SaveData[805], 0x0B54,
SaveData[806], 0x0B54,
SaveData[807], 0x0B54,
SaveData[808], 0x0B54,
SaveData[809], 0x0B54,
SaveData[810], 0x0B54,
SaveData[811], 0x0B54,
SaveData[812], 0x0B54,
SaveData[813], 0x0B54,
SaveData[814], 0x0B54,
SaveData[815], 0x0B54,
SaveData[816], 0x0B54,
SaveData[817], 0x0B54,
SaveData[818], 0x0B54,
SaveData[819], 0x0B54,
SaveData[820], 0x0B54,
SaveData[821], 0x0B54,
SaveData[822], 0x0B54,
SaveData[823], 0x0B54,
SaveData[824], 0x0B54,
SaveData[825], 0x0B54,
SaveData[826], 0x0B54,
SaveData[827], 0x0B54,
SaveData[828], 0x0B54,
SaveData[829], 0x0B54,
SaveData[830], 0x0B54,
SaveData[831], 0x0B54,
SaveData[832], 0x0B54,
SaveData[833], 0x0B54,
SaveData[834], 0x0B54,
SaveData[835], 0x0B54,
SaveData[836], 0x0B54,
SaveData[837], 0x0B54,
SaveData[838], 0x0B54,
SaveData[839], 0x0B54,
SaveData[840], 0x0B54,
SaveData[841], 0x0B54,
SaveData[842], 0x0B54,
SaveData[843], 0x0B54,
SaveData[844], 0x0B54,
SaveData[845], 0x0B54,
SaveData[846], 0x0B54,
SaveData[847], 0x0B54,
SaveData[848], 0x0B54,
SaveData[849], 0x0B54,
SaveData[850], 0x0B54,
SaveData[851], 0x0B54,
SaveData[852], 0x0B54,
SaveData[853], 0x0B54,
SaveData[854], 0x0B54,
SaveData[855], 0x0B54,
SaveData[856], 0x0B54,
SaveData[857], 0x0B54,
SaveData[858], 0x0B54,
SaveData[859], 0x0B54,
SaveData[860], 0x0B54,
SaveData[861], 0x0B54,
SaveData[862], 0x0B54,
SaveData[863], 0x0B54,
SaveData[864], 0x0B54,
SaveData[865], 0x0B54,
SaveData[866], 0x0B54,
SaveData[867], 0x0B54,
SaveData[868], 0x0B54,
SaveData[869], 0x0B54,
SaveData[870], 0x0B54,
SaveData[871], 0x0B54,
SaveData[872], 0x0B54,
SaveData[873], 0x0B54,
SaveData[874], 0x0B54,
SaveData[875], 0x0B54,
SaveData[876], 0x0B54,
SaveData[877], 0x0B54,
SaveData[878], 0x0B54,
SaveData[879], 0x0B54,
SaveData[880], 0x0B54,
SaveData[881], 0x0B54,
SaveData[882], 0x0B54,
SaveData[883], 0x0B54,
SaveData[884], 0x0B54,
SaveData[885], 0x0B54,
SaveData[886], 0x0B54,
SaveData[887], 0x0B54,
SaveData[888], 0x0B54,
SaveData[889], 0x0B54,
SaveData[890], 0x0B54,
SaveData[891], 0x0B54,
SaveData[892], 0x0B54,
SaveData[893], 0x0B54,
SaveData[894], 0x0B54,
SaveData[895], 0x0B54,
SaveData[896], 0x0B54,
SaveData[897], 0x0B54,
SaveData[898], 0x0B54,
SaveData[899], 0x0B54,
SaveData[900], 0x0B54,
SaveData[901], 0x0B54,
SaveData[902], 0x0B54,
SaveData[903], 0x0B54,
SaveData[904], 0x0B54,
SaveData[905], 0x0B54,
SaveData[906], 0x0B54,
SaveData[907], 0x0B54,
SaveData[908], 0x0B54,
SaveData[909], 0x0B54,
SaveData[910], 0x0B54,
SaveData[911], 0x0B54,
SaveData[912], 0x0B54,
SaveData[913], 0x0B54,
SaveData[914], 0x0B54,
SaveData[915], 0x0B54,
SaveData[916], 0x0B54,
SaveData[917], 0x0B54,
SaveData[918], 0x0B54,
SaveData[919], 0x0B54,
SaveData[920], 0x0B54,
SaveData[921], 0x0B54,
SaveData[922], 0x0B54,
SaveData[923], 0x0B54,
SaveData[924], 0x0B54,
SaveData[925], 0x0B54,
SaveData[926], 0x0B54,
SaveData[927], 0x0B54,
SaveData[928], 0x0B54,
SaveData[929], 0x0B54,
SaveData[930], 0x0B54,
SaveData[931], 0x0B54,
SaveData[932], 0x0B54,
SaveData[933], 0x0B54,
SaveData[934], 0x0B54,
SaveData[935], 0x0B54,
SaveData[936], 0x0B54,
SaveData[937], 0x0B54,
SaveData[938], 0x0B54,
SaveData[939], 0x0B54,
SaveData[940], 0x0B54,
SaveData[941], 0x0B54,
SaveData[942], 0x0B54,
SaveData[943], 0x0B54,
SaveData[944], 0x0B54,
SaveData[945], 0x0B54,
SaveData[946], 0x0B54,
SaveData[947], 0x0B54,
SaveData[948], 0x0B54,
SaveData[949], 0x0B54,
SaveData[950], 0x0B54,
SaveData[951], 0x0B54,
SaveData[952], 0x0B54,
SaveData[953], 0x0B54,
SaveData[954], 0x0B54,
SaveData[955], 0x0B54,
SaveData[956], 0x0B54,
SaveData[957], 0x0B54,
SaveData[958], 0x0B54,
SaveData[959], 0x0B54,
SaveData[960], 0x0B54,
SaveData[961], 0x0B54,
SaveData[962], 0x0B54,
SaveData[963], 0x0B54,
SaveData[964], 0x0B54,
SaveData[965], 0x0B54,
SaveData[966], 0x0B54,
SaveData[967], 0x0B54,
SaveData[968], 0x0B54,
SaveData[969], 0x0B54,
SaveData[970], 0x0B54,
SaveData[971], 0x0B54,
SaveData[972], 0x0B54,
SaveData[973], 0x0B54,
SaveData[974], 0x0B54,
SaveData[975], 0x0B54,
SaveData[976], 0x0B54,
SaveData[977], 0x0B54,
SaveData[978], 0x0B54,
SaveData[979], 0x0B54,
SaveData[980], 0x0B54,
SaveData[981], 0x0B54,
SaveData[982], 0x0B54,
SaveData[983], 0x0B54,
SaveData[984], 0x0B54,
SaveData[985], 0x0B54,
SaveData[986], 0x0B54,
SaveData[987], 0x0B54,
SaveData[988], 0x0B54,
SaveData[989], 0x0B54,
SaveData[990], 0x0B54,
SaveData[991], 0x0B54,
SaveData[992], 0x0B54,
SaveData[993], 0x0B54,
SaveData[994], 0x0B54,
SaveData[995], 0x0B54,
SaveData[996], 0x0B54,
SaveData[997], 0x0B54,
SaveData[998], 0x0B54,
SaveData[999], 0x0B54,
SaveData[1000], 0x0B54,
SaveData[1001], 0x0B54,
SaveData[1002], 0x0B54,
SaveData[1003], 0x0B54,
SaveData[1004], 0x0B54,
SaveData[1005], 0x0B54,
SaveData[1006], 0x0B54,
SaveData[1007], 0x0B54,
SaveData[1008], 0x0B54,
SaveData[1009], 0x0B54,
SaveData[1010], 0x0B54,
SaveData[1011], 0x0B54,
SaveData[1012], 0x0B54,
SaveData[1013], 0x0B54,
SaveData[1014], 0x0B54,
SaveData[1015], 0x0B54,
SaveData[1016], 0x0B54,
SaveData[1017], 0x0B54,
SaveData[1018], 0x0B54,
SaveData[1019], 0x0B54,
SaveData[1020], 0x0B54,
SaveData[1021], 0x0B54,
SaveData[1022], 0x0B54,
SaveData[1023], 0x0B54,
