SavePDC[0], 0x0140,
SavePDC[1], 0x0140,
SavePDC[2], 0x0140,
SavePDC[3], 0x0140,
SavePDC[4], 0x0140,
SavePDC[5], 0x0140,
SavePDC[6], 0x0140,
SavePDC[7], 0x0140,
SavePDC[8], 0x0140,
SavePDC[9], 0x0140,
SavePDC[10], 0x0140,
SavePDC[11], 0x0140,
SavePDC[12], 0x0140,
SavePDC[13], 0x0140,
SavePDC[14], 0x0140,
SavePDC[15], 0x0140,
SavePDC[16], 0x0140,
SavePDC[17], 0x0140,
SavePDC[18], 0x0140,
SavePDC[19], 0x0140,
SavePDC[20], 0x0140,
SavePDC[21], 0x0140,
SavePDC[22], 0x0140,
SavePDC[23], 0x0140,
SavePDC[24], 0x0140,
SavePDC[25], 0x0140,
SavePDC[26], 0x0140,
SavePDC[27], 0x0140,
SavePDC[28], 0x0140,
SavePDC[29], 0x0140,
SavePDC[30], 0x0140,
SavePDC[31], 0x0140,
SavePDC[32], 0x0140,
SavePDC[33], 0x0140,
SavePDC[34], 0x0140,
SavePDC[35], 0x0140,
SavePDC[36], 0x0140,
SavePDC[37], 0x0140,
SavePDC[38], 0x0140,
SavePDC[39], 0x0140,
SavePDC[40], 0x0140,
SavePDC[41], 0x0140,
SavePDC[42], 0x0140,
SavePDC[43], 0x0140,
SavePDC[44], 0x0140,
SavePDC[45], 0x0140,
SavePDC[46], 0x0140,
SavePDC[47], 0x0140,
SavePDC[48], 0x0140,
SavePDC[49], 0x0140,
SavePDC[50], 0x0140,
SavePDC[51], 0x0140,
SavePDC[52], 0x0140,
SavePDC[53], 0x0140,
SavePDC[54], 0x0140,
SavePDC[55], 0x0140,
SavePDC[56], 0x0140,
SavePDC[57], 0x0140,
SavePDC[58], 0x0140,
SavePDC[59], 0x0140,
SavePDC[60], 0x0140,
SavePDC[61], 0x0140,
SavePDC[62], 0x0140,
SavePDC[63], 0x0140,
SavePDC[64], 0x0140,
SavePDC[65], 0x0140,
SavePDC[66], 0x0140,
SavePDC[67], 0x0140,
SavePDC[68], 0x0140,
SavePDC[69], 0x0140,
SavePDC[70], 0x0140,
SavePDC[71], 0x0140,
SavePDC[72], 0x0140,
SavePDC[73], 0x0140,
SavePDC[74], 0x0140,
SavePDC[75], 0x0140,
SavePDC[76], 0x0140,
SavePDC[77], 0x0140,
SavePDC[78], 0x0140,
SavePDC[79], 0x0140,
SavePDC[80], 0x0140,
SavePDC[81], 0x0140,
SavePDC[82], 0x0140,
SavePDC[83], 0x0140,
SavePDC[84], 0x0140,
SavePDC[85], 0x0140,
SavePDC[86], 0x0140,
SavePDC[87], 0x0140,
SavePDC[88], 0x0140,
SavePDC[89], 0x0140,
SavePDC[90], 0x0140,
SavePDC[91], 0x0140,
SavePDC[92], 0x0140,
SavePDC[93], 0x0140,
SavePDC[94], 0x0140,
SavePDC[95], 0x0140,
SavePDC[96], 0x0140,
SavePDC[97], 0x0140,
SavePDC[98], 0x0140,
SavePDC[99], 0x0140,
SavePDC[100], 0x0140,
SavePDC[101], 0x0140,
SavePDC[102], 0x0140,
SavePDC[103], 0x0140,
SavePDC[104], 0x0140,
SavePDC[105], 0x0140,
SavePDC[106], 0x0140,
SavePDC[107], 0x0140,
SavePDC[108], 0x0140,
SavePDC[109], 0x0140,
SavePDC[110], 0x0140,
SavePDC[111], 0x0140,
SavePDC[112], 0x0140,
SavePDC[113], 0x0140,
SavePDC[114], 0x0140,
SavePDC[115], 0x0140,
SavePDC[116], 0x0140,
SavePDC[117], 0x0140,
SavePDC[118], 0x0140,
SavePDC[119], 0x0140,
SavePDC[120], 0x0140,
SavePDC[121], 0x0140,
SavePDC[122], 0x0140,
SavePDC[123], 0x0140,
SavePDC[124], 0x0140,
SavePDC[125], 0x0140,
SavePDC[126], 0x0140,
SavePDC[127], 0x0140,
SavePDC[128], 0x0140,
SavePDC[129], 0x0140,
SavePDC[130], 0x0140,
SavePDC[131], 0x0140,
SavePDC[132], 0x0140,
SavePDC[133], 0x0140,
SavePDC[134], 0x0140,
SavePDC[135], 0x0140,
SavePDC[136], 0x0140,
SavePDC[137], 0x0140,
SavePDC[138], 0x0140,
SavePDC[139], 0x0140,
SavePDC[140], 0x0140,
SavePDC[141], 0x0140,
SavePDC[142], 0x0140,
SavePDC[143], 0x0140,
SavePDC[144], 0x0140,
SavePDC[145], 0x0140,
SavePDC[146], 0x0140,
SavePDC[147], 0x0140,
SavePDC[148], 0x0140,
SavePDC[149], 0x0140,
SavePDC[150], 0x0140,
SavePDC[151], 0x0140,
SavePDC[152], 0x0140,
SavePDC[153], 0x0140,
SavePDC[154], 0x0140,
SavePDC[155], 0x0140,
SavePDC[156], 0x0140,
SavePDC[157], 0x0140,
SavePDC[158], 0x0140,
SavePDC[159], 0x0140,
SavePDC[160], 0x0140,
SavePDC[161], 0x0140,
SavePDC[162], 0x0140,
SavePDC[163], 0x0140,
SavePDC[164], 0x0140,
SavePDC[165], 0x0140,
SavePDC[166], 0x0140,
SavePDC[167], 0x0140,
SavePDC[168], 0x0140,
SavePDC[169], 0x0140,
SavePDC[170], 0x0140,
SavePDC[171], 0x0140,
SavePDC[172], 0x0140,
SavePDC[173], 0x0140,
SavePDC[174], 0x0140,
SavePDC[175], 0x0140,
SavePDC[176], 0x0140,
SavePDC[177], 0x0140,
SavePDC[178], 0x0140,
SavePDC[179], 0x0140,
SavePDC[180], 0x0140,
SavePDC[181], 0x0140,
SavePDC[182], 0x0140,
SavePDC[183], 0x0140,
SavePDC[184], 0x0140,
SavePDC[185], 0x0140,
SavePDC[186], 0x0140,
SavePDC[187], 0x0140,
SavePDC[188], 0x0140,
SavePDC[189], 0x0140,
SavePDC[190], 0x0140,
SavePDC[191], 0x0140,
SavePDC[192], 0x0140,
SavePDC[193], 0x0140,
SavePDC[194], 0x0140,
SavePDC[195], 0x0140,
SavePDC[196], 0x0140,
SavePDC[197], 0x0140,
SavePDC[198], 0x0140,
SavePDC[199], 0x0140,
SavePDC[200], 0x0140,
SavePDC[201], 0x0140,
SavePDC[202], 0x0140,
SavePDC[203], 0x0140,
SavePDC[204], 0x0140,
SavePDC[205], 0x0140,
SavePDC[206], 0x0140,
SavePDC[207], 0x0140,
SavePDC[208], 0x0140,
SavePDC[209], 0x0140,
SavePDC[210], 0x0140,
SavePDC[211], 0x0140,
SavePDC[212], 0x0140,
SavePDC[213], 0x0140,
SavePDC[214], 0x0140,
SavePDC[215], 0x0140,
SavePDC[216], 0x0140,
SavePDC[217], 0x0140,
SavePDC[218], 0x0140,
SavePDC[219], 0x0140,
SavePDC[220], 0x0140,
SavePDC[221], 0x0140,
SavePDC[222], 0x0140,
SavePDC[223], 0x0140,
SavePDC[224], 0x0140,
SavePDC[225], 0x0140,
SavePDC[226], 0x0140,
SavePDC[227], 0x0140,
SavePDC[228], 0x0140,
SavePDC[229], 0x0140,
SavePDC[230], 0x0140,
SavePDC[231], 0x0140,
SavePDC[232], 0x0140,
SavePDC[233], 0x0140,
SavePDC[234], 0x0140,
SavePDC[235], 0x0140,
SavePDC[236], 0x0140,
SavePDC[237], 0x0140,
SavePDC[238], 0x0140,
SavePDC[239], 0x0140,
SavePDC[240], 0x0140,
SavePDC[241], 0x0140,
SavePDC[242], 0x0140,
SavePDC[243], 0x0140,
SavePDC[244], 0x0140,
SavePDC[245], 0x0140,
SavePDC[246], 0x0140,
SavePDC[247], 0x0140,
SavePDC[248], 0x0140,
SavePDC[249], 0x0140,
SavePDC[250], 0x0140,
SavePDC[251], 0x0140,
SavePDC[252], 0x0140,
SavePDC[253], 0x0140,
SavePDC[254], 0x0140,
SavePDC[255], 0x0140,
SavePDC[256], 0x0140,
SavePDC[257], 0x0140,
SavePDC[258], 0x0140,
SavePDC[259], 0x0140,
SavePDC[260], 0x0140,
SavePDC[261], 0x0140,
SavePDC[262], 0x0140,
SavePDC[263], 0x0140,
SavePDC[264], 0x0140,
SavePDC[265], 0x0140,
SavePDC[266], 0x0140,
SavePDC[267], 0x0140,
SavePDC[268], 0x0140,
SavePDC[269], 0x0140,
SavePDC[270], 0x0140,
SavePDC[271], 0x0140,
SavePDC[272], 0x0140,
SavePDC[273], 0x0140,
SavePDC[274], 0x0140,
SavePDC[275], 0x0140,
SavePDC[276], 0x0140,
SavePDC[277], 0x0140,
SavePDC[278], 0x0140,
SavePDC[279], 0x0140,
SavePDC[280], 0x0140,
SavePDC[281], 0x0140,
SavePDC[282], 0x0140,
SavePDC[283], 0x0140,
SavePDC[284], 0x0140,
SavePDC[285], 0x0140,
SavePDC[286], 0x0140,
SavePDC[287], 0x0140,
SavePDC[288], 0x0140,
SavePDC[289], 0x0140,
SavePDC[290], 0x0140,
SavePDC[291], 0x0140,
SavePDC[292], 0x0140,
SavePDC[293], 0x0140,
SavePDC[294], 0x0140,
SavePDC[295], 0x0140,
SavePDC[296], 0x0140,
SavePDC[297], 0x0140,
SavePDC[298], 0x0140,
SavePDC[299], 0x0140,
SavePDC[300], 0x0140,
SavePDC[301], 0x0140,
SavePDC[302], 0x0140,
SavePDC[303], 0x0140,
SavePDC[304], 0x0140,
SavePDC[305], 0x0140,
SavePDC[306], 0x0140,
SavePDC[307], 0x0140,
SavePDC[308], 0x0140,
SavePDC[309], 0x0140,
SavePDC[310], 0x0140,
SavePDC[311], 0x0140,
SavePDC[312], 0x0140,
SavePDC[313], 0x0140,
SavePDC[314], 0x0140,
SavePDC[315], 0x0140,
SavePDC[316], 0x0140,
SavePDC[317], 0x0140,
SavePDC[318], 0x0140,
SavePDC[319], 0x0140,
SavePDC[320], 0x0140,
SavePDC[321], 0x0140,
SavePDC[322], 0x0140,
SavePDC[323], 0x0140,
SavePDC[324], 0x0140,
SavePDC[325], 0x0140,
SavePDC[326], 0x0140,
SavePDC[327], 0x0140,
SavePDC[328], 0x0140,
SavePDC[329], 0x0140,
SavePDC[330], 0x0140,
SavePDC[331], 0x0140,
SavePDC[332], 0x0140,
SavePDC[333], 0x0140,
SavePDC[334], 0x0140,
SavePDC[335], 0x0140,
SavePDC[336], 0x0140,
SavePDC[337], 0x0140,
SavePDC[338], 0x0140,
SavePDC[339], 0x0140,
SavePDC[340], 0x0140,
SavePDC[341], 0x0140,
SavePDC[342], 0x0140,
SavePDC[343], 0x0140,
SavePDC[344], 0x0140,
SavePDC[345], 0x0140,
SavePDC[346], 0x0140,
SavePDC[347], 0x0140,
SavePDC[348], 0x0140,
SavePDC[349], 0x0140,
SavePDC[350], 0x0140,
SavePDC[351], 0x0140,
SavePDC[352], 0x0140,
SavePDC[353], 0x0140,
SavePDC[354], 0x0140,
SavePDC[355], 0x0140,
SavePDC[356], 0x0140,
SavePDC[357], 0x0140,
SavePDC[358], 0x0140,
SavePDC[359], 0x0140,
SavePDC[360], 0x0140,
SavePDC[361], 0x0140,
SavePDC[362], 0x0140,
SavePDC[363], 0x0140,
SavePDC[364], 0x0140,
SavePDC[365], 0x0140,
SavePDC[366], 0x0140,
SavePDC[367], 0x0140,
SavePDC[368], 0x0140,
SavePDC[369], 0x0140,
SavePDC[370], 0x0140,
SavePDC[371], 0x0140,
SavePDC[372], 0x0140,
SavePDC[373], 0x0140,
SavePDC[374], 0x0140,
SavePDC[375], 0x0140,
SavePDC[376], 0x0140,
SavePDC[377], 0x0140,
SavePDC[378], 0x0140,
SavePDC[379], 0x0140,
SavePDC[380], 0x0140,
SavePDC[381], 0x0140,
SavePDC[382], 0x0140,
SavePDC[383], 0x0140,
SavePDC[384], 0x0140,
SavePDC[385], 0x0140,
SavePDC[386], 0x0140,
SavePDC[387], 0x0140,
SavePDC[388], 0x0140,
SavePDC[389], 0x0140,
SavePDC[390], 0x0140,
SavePDC[391], 0x0140,
SavePDC[392], 0x0140,
SavePDC[393], 0x0140,
SavePDC[394], 0x0140,
SavePDC[395], 0x0140,
SavePDC[396], 0x0140,
SavePDC[397], 0x0140,
SavePDC[398], 0x0140,
SavePDC[399], 0x0140,
SavePDC[400], 0x0140,
SavePDC[401], 0x0140,
SavePDC[402], 0x0140,
SavePDC[403], 0x0140,
SavePDC[404], 0x0140,
SavePDC[405], 0x0140,
SavePDC[406], 0x0140,
SavePDC[407], 0x0140,
SavePDC[408], 0x0140,
SavePDC[409], 0x0140,
SavePDC[410], 0x0140,
SavePDC[411], 0x0140,
SavePDC[412], 0x0140,
SavePDC[413], 0x0140,
SavePDC[414], 0x0140,
SavePDC[415], 0x0140,
SavePDC[416], 0x0140,
SavePDC[417], 0x0140,
SavePDC[418], 0x0140,
SavePDC[419], 0x0140,
SavePDC[420], 0x0140,
SavePDC[421], 0x0140,
SavePDC[422], 0x0140,
SavePDC[423], 0x0140,
SavePDC[424], 0x0140,
SavePDC[425], 0x0140,
SavePDC[426], 0x0140,
SavePDC[427], 0x0140,
SavePDC[428], 0x0140,
SavePDC[429], 0x0140,
SavePDC[430], 0x0140,
SavePDC[431], 0x0140,
SavePDC[432], 0x0140,
SavePDC[433], 0x0140,
SavePDC[434], 0x0140,
SavePDC[435], 0x0140,
SavePDC[436], 0x0140,
SavePDC[437], 0x0140,
SavePDC[438], 0x0140,
SavePDC[439], 0x0140,
SavePDC[440], 0x0140,
SavePDC[441], 0x0140,
SavePDC[442], 0x0140,
SavePDC[443], 0x0140,
SavePDC[444], 0x0140,
SavePDC[445], 0x0140,
SavePDC[446], 0x0140,
SavePDC[447], 0x0140,
SavePDC[448], 0x0140,
SavePDC[449], 0x0140,
SavePDC[450], 0x0140,
SavePDC[451], 0x0140,
SavePDC[452], 0x0140,
SavePDC[453], 0x0140,
SavePDC[454], 0x0140,
SavePDC[455], 0x0140,
SavePDC[456], 0x0140,
SavePDC[457], 0x0140,
SavePDC[458], 0x0140,
SavePDC[459], 0x0140,
SavePDC[460], 0x0140,
SavePDC[461], 0x0140,
SavePDC[462], 0x0140,
SavePDC[463], 0x0140,
SavePDC[464], 0x0140,
SavePDC[465], 0x016D,
SavePDC[466], 0x01C3,
SavePDC[467], 0x0219,
SavePDC[468], 0x026B,
SavePDC[469], 0x02B3,
SavePDC[470], 0x02E1,
SavePDC[471], 0x0302,
SavePDC[472], 0x0314,
SavePDC[473], 0x0319,
SavePDC[474], 0x0316,
SavePDC[475], 0x030B,
SavePDC[476], 0x02FA,
SavePDC[477], 0x02E6,
SavePDC[478], 0x02C9,
SavePDC[479], 0x02B0,
SavePDC[480], 0x0295,
SavePDC[481], 0x027A,
SavePDC[482], 0x025F,
SavePDC[483], 0x0245,
SavePDC[484], 0x022C,
SavePDC[485], 0x0216,
SavePDC[486], 0x01FF,
SavePDC[487], 0x01EE,
SavePDC[488], 0x01E0,
SavePDC[489], 0x01D0,
SavePDC[490], 0x01C9,
SavePDC[491], 0x01C5,
SavePDC[492], 0x01C9,
SavePDC[493], 0x01D2,
SavePDC[494], 0x01DD,
SavePDC[495], 0x01EB,
SavePDC[496], 0x01FE,
SavePDC[497], 0x0211,
SavePDC[498], 0x0225,
SavePDC[499], 0x023B,
SavePDC[500], 0x0250,
SavePDC[501], 0x0266,
SavePDC[502], 0x027C,
SavePDC[503], 0x0292,
SavePDC[504], 0x02A5,
SavePDC[505], 0x02B7,
SavePDC[506], 0x02CA,
SavePDC[507], 0x02D6,
SavePDC[508], 0x02DE,
SavePDC[509], 0x02E2,
SavePDC[510], 0x02E0,
SavePDC[511], 0x02DC,
SavePDC[512], 0x02D4,
SavePDC[513], 0x02CA,
SavePDC[514], 0x02BD,
SavePDC[515], 0x02AF,
SavePDC[516], 0x029F,
SavePDC[517], 0x028F,
SavePDC[518], 0x027F,
SavePDC[519], 0x0271,
SavePDC[520], 0x0260,
SavePDC[521], 0x0253,
SavePDC[522], 0x0246,
SavePDC[523], 0x023A,
SavePDC[524], 0x0232,
SavePDC[525], 0x022A,
SavePDC[526], 0x0227,
SavePDC[527], 0x0224,
SavePDC[528], 0x0222,
SavePDC[529], 0x0224,
SavePDC[530], 0x0227,
SavePDC[531], 0x022C,
SavePDC[532], 0x0232,
SavePDC[533], 0x023A,
SavePDC[534], 0x0248,
SavePDC[535], 0x0250,
SavePDC[536], 0x025C,
SavePDC[537], 0x0266,
SavePDC[538], 0x0271,
SavePDC[539], 0x027C,
SavePDC[540], 0x0288,
SavePDC[541], 0x0294,
SavePDC[542], 0x02A0,
SavePDC[543], 0x02AB,
SavePDC[544], 0x02B7,
SavePDC[545], 0x02C2,
SavePDC[546], 0x02CD,
SavePDC[547], 0x02D7,
SavePDC[548], 0x02E3,
SavePDC[549], 0x02E9,
SavePDC[550], 0x02EE,
SavePDC[551], 0x02F0,
SavePDC[552], 0x02F1,
SavePDC[553], 0x02F0,
SavePDC[554], 0x02ED,
SavePDC[555], 0x02E7,
SavePDC[556], 0x02E1,
SavePDC[557], 0x02D8,
SavePDC[558], 0x02CF,
SavePDC[559], 0x02C6,
SavePDC[560], 0x02BC,
SavePDC[561], 0x02B3,
SavePDC[562], 0x02A9,
SavePDC[563], 0x02A1,
SavePDC[564], 0x029A,
SavePDC[565], 0x0293,
SavePDC[566], 0x028C,
SavePDC[567], 0x0285,
SavePDC[568], 0x0281,
SavePDC[569], 0x027D,
SavePDC[570], 0x027A,
SavePDC[571], 0x0275,
SavePDC[572], 0x0273,
SavePDC[573], 0x0271,
SavePDC[574], 0x0270,
SavePDC[575], 0x0270,
SavePDC[576], 0x0272,
SavePDC[577], 0x0274,
SavePDC[578], 0x0278,
SavePDC[579], 0x027C,
SavePDC[580], 0x0281,
SavePDC[581], 0x0285,
SavePDC[582], 0x028A,
SavePDC[583], 0x028F,
SavePDC[584], 0x0295,
SavePDC[585], 0x029B,
SavePDC[586], 0x02A2,
SavePDC[587], 0x02A8,
SavePDC[588], 0x02AF,
SavePDC[589], 0x02B7,
SavePDC[590], 0x02C3,
SavePDC[591], 0x02CC,
SavePDC[592], 0x02D4,
SavePDC[593], 0x02DD,
SavePDC[594], 0x02E6,
SavePDC[595], 0x02EE,
SavePDC[596], 0x02F8,
SavePDC[597], 0x0300,
SavePDC[598], 0x0308,
SavePDC[599], 0x030F,
SavePDC[600], 0x0316,
SavePDC[601], 0x031B,
SavePDC[602], 0x031E,
SavePDC[603], 0x0320,
SavePDC[604], 0x0321,
SavePDC[605], 0x0320,
SavePDC[606], 0x031C,
SavePDC[607], 0x0318,
SavePDC[608], 0x0312,
SavePDC[609], 0x030B,
SavePDC[610], 0x0303,
SavePDC[611], 0x02FB,
SavePDC[612], 0x02F3,
SavePDC[613], 0x02ED,
SavePDC[614], 0x02E6,
SavePDC[615], 0x02DF,
SavePDC[616], 0x02D9,
SavePDC[617], 0x02D5,
SavePDC[618], 0x02CF,
SavePDC[619], 0x02CB,
SavePDC[620], 0x02C7,
SavePDC[621], 0x02C4,
SavePDC[622], 0x02C2,
SavePDC[623], 0x02C0,
SavePDC[624], 0x02BF,
SavePDC[625], 0x02BF,
SavePDC[626], 0x02BF,
SavePDC[627], 0x02C0,
SavePDC[628], 0x02C2,
SavePDC[629], 0x02C3,
SavePDC[630], 0x02C5,
SavePDC[631], 0x02C7,
SavePDC[632], 0x02CB,
SavePDC[633], 0x02CE,
SavePDC[634], 0x02D2,
SavePDC[635], 0x02D7,
SavePDC[636], 0x02DB,
SavePDC[637], 0x02E1,
SavePDC[638], 0x02E7,
SavePDC[639], 0x02ED,
SavePDC[640], 0x02F1,
SavePDC[641], 0x02F8,
SavePDC[642], 0x02FE,
SavePDC[643], 0x0305,
SavePDC[644], 0x030C,
SavePDC[645], 0x0313,
SavePDC[646], 0x031D,
SavePDC[647], 0x0325,
SavePDC[648], 0x032D,
SavePDC[649], 0x0335,
SavePDC[650], 0x033C,
SavePDC[651], 0x0343,
SavePDC[652], 0x0349,
SavePDC[653], 0x034F,
SavePDC[654], 0x0353,
SavePDC[655], 0x0355,
SavePDC[656], 0x0355,
SavePDC[657], 0x0355,
SavePDC[658], 0x0354,
SavePDC[659], 0x0351,
SavePDC[660], 0x034C,
SavePDC[661], 0x0347,
SavePDC[662], 0x0341,
SavePDC[663], 0x033B,
SavePDC[664], 0x0335,
SavePDC[665], 0x032F,
SavePDC[666], 0x0329,
SavePDC[667], 0x0324,
SavePDC[668], 0x031F,
SavePDC[669], 0x031C,
SavePDC[670], 0x0319,
SavePDC[671], 0x0315,
SavePDC[672], 0x0312,
SavePDC[673], 0x0310,
SavePDC[674], 0x030E,
SavePDC[675], 0x030C,
SavePDC[676], 0x030C,
SavePDC[677], 0x030C,
SavePDC[678], 0x030B,
SavePDC[679], 0x030B,
SavePDC[680], 0x030D,
SavePDC[681], 0x030E,
SavePDC[682], 0x0310,
SavePDC[683], 0x0311,
SavePDC[684], 0x0315,
SavePDC[685], 0x0318,
SavePDC[686], 0x031B,
SavePDC[687], 0x031F,
SavePDC[688], 0x0324,
SavePDC[689], 0x0328,
SavePDC[690], 0x032C,
SavePDC[691], 0x0332,
SavePDC[692], 0x0337,
SavePDC[693], 0x033D,
SavePDC[694], 0x0343,
SavePDC[695], 0x0348,
SavePDC[696], 0x0350,
SavePDC[697], 0x0356,
SavePDC[698], 0x035D,
SavePDC[699], 0x0364,
SavePDC[700], 0x036A,
SavePDC[701], 0x0370,
SavePDC[702], 0x0377,
SavePDC[703], 0x037C,
SavePDC[704], 0x0381,
SavePDC[705], 0x0385,
SavePDC[706], 0x0387,
SavePDC[707], 0x0389,
SavePDC[708], 0x0389,
SavePDC[709], 0x0388,
SavePDC[710], 0x0386,
SavePDC[711], 0x0383,
SavePDC[712], 0x037F,
SavePDC[713], 0x037C,
SavePDC[714], 0x0378,
SavePDC[715], 0x0374,
SavePDC[716], 0x036F,
SavePDC[717], 0x036B,
SavePDC[718], 0x0367,
SavePDC[719], 0x0365,
SavePDC[720], 0x0363,
SavePDC[721], 0x0361,
SavePDC[722], 0x035E,
SavePDC[723], 0x035D,
SavePDC[724], 0x035B,
SavePDC[725], 0x035A,
SavePDC[726], 0x035A,
SavePDC[727], 0x035A,
SavePDC[728], 0x035A,
SavePDC[729], 0x035A,
SavePDC[730], 0x035C,
SavePDC[731], 0x035D,
SavePDC[732], 0x035D,
SavePDC[733], 0x035F,
SavePDC[734], 0x0362,
SavePDC[735], 0x0365,
SavePDC[736], 0x0368,
SavePDC[737], 0x036B,
SavePDC[738], 0x036F,
SavePDC[739], 0x0373,
SavePDC[740], 0x0377,
SavePDC[741], 0x037B,
SavePDC[742], 0x0380,
SavePDC[743], 0x0384,
SavePDC[744], 0x038C,
SavePDC[745], 0x0391,
SavePDC[746], 0x0397,
SavePDC[747], 0x039C,
SavePDC[748], 0x03A2,
SavePDC[749], 0x03A7,
SavePDC[750], 0x03AB,
SavePDC[751], 0x03B0,
SavePDC[752], 0x03B4,
SavePDC[753], 0x03B7,
SavePDC[754], 0x03B9,
SavePDC[755], 0x03BB,
SavePDC[756], 0x03BC,
SavePDC[757], 0x03BC,
SavePDC[758], 0x03BC,
SavePDC[759], 0x03BA,
SavePDC[760], 0x03B8,
SavePDC[761], 0x03B4,
SavePDC[762], 0x03B1,
SavePDC[763], 0x03AC,
SavePDC[764], 0x03A8,
SavePDC[765], 0x03A4,
SavePDC[766], 0x03A2,
SavePDC[767], 0x039F,
SavePDC[768], 0x039C,
SavePDC[769], 0x039A,
SavePDC[770], 0x0399,
SavePDC[771], 0x0397,
SavePDC[772], 0x0396,
SavePDC[773], 0x0395,
SavePDC[774], 0x0396,
SavePDC[775], 0x0396,
SavePDC[776], 0x0397,
SavePDC[777], 0x0398,
SavePDC[778], 0x0399,
SavePDC[779], 0x039B,
SavePDC[780], 0x039D,
SavePDC[781], 0x03A0,
SavePDC[782], 0x03A3,
SavePDC[783], 0x03A6,
SavePDC[784], 0x03AA,
SavePDC[785], 0x03AD,
SavePDC[786], 0x03B2,
SavePDC[787], 0x03B5,
SavePDC[788], 0x03BA,
SavePDC[789], 0x03BE,
SavePDC[790], 0x03C2,
SavePDC[791], 0x03C6,
SavePDC[792], 0x03CB,
SavePDC[793], 0x03CF,
SavePDC[794], 0x03D4,
SavePDC[795], 0x03D8,
SavePDC[796], 0x03DE,
SavePDC[797], 0x03E2,
SavePDC[798], 0x03E6,
SavePDC[799], 0x03EA,
SavePDC[800], 0x03ED,
SavePDC[801], 0x03EE,
SavePDC[802], 0x03EF,
SavePDC[803], 0x03F1,
SavePDC[804], 0x03F0,
SavePDC[805], 0x03EF,
SavePDC[806], 0x03EC,
SavePDC[807], 0x03E9,
SavePDC[808], 0x03E7,
SavePDC[809], 0x03E5,
SavePDC[810], 0x03E2,
SavePDC[811], 0x03E0,
SavePDC[812], 0x03DE,
SavePDC[813], 0x03DB,
SavePDC[814], 0x03DB,
SavePDC[815], 0x03D9,
SavePDC[816], 0x03D8,
SavePDC[817], 0x03D7,
SavePDC[818], 0x03D5,
SavePDC[819], 0x03D4,
SavePDC[820], 0x03D4,
SavePDC[821], 0x03D4,
SavePDC[822], 0x03D3,
SavePDC[823], 0x03D4,
SavePDC[824], 0x03D6,
SavePDC[825], 0x03D7,
SavePDC[826], 0x03D9,
SavePDC[827], 0x03DC,
SavePDC[828], 0x03E0,
SavePDC[829], 0x03E2,
SavePDC[830], 0x03E5,
SavePDC[831], 0x03E9,
SavePDC[832], 0x03EB,
SavePDC[833], 0x03EF,
SavePDC[834], 0x03F2,
SavePDC[835], 0x03F6,
SavePDC[836], 0x03FA,
SavePDC[837], 0x03FF,
SavePDC[838], 0x0403,
SavePDC[839], 0x0407,
SavePDC[840], 0x040B,
SavePDC[841], 0x040F,
SavePDC[842], 0x0414,
SavePDC[843], 0x0417,
SavePDC[844], 0x041B,
SavePDC[845], 0x041D,
SavePDC[846], 0x041F,
SavePDC[847], 0x0420,
SavePDC[848], 0x0421,
SavePDC[849], 0x0422,
SavePDC[850], 0x0421,
SavePDC[851], 0x0421,
SavePDC[852], 0x041F,
SavePDC[853], 0x041E,
SavePDC[854], 0x041D,
SavePDC[855], 0x041B,
SavePDC[856], 0x041A,
SavePDC[857], 0x0418,
SavePDC[858], 0x0416,
SavePDC[859], 0x0415,
SavePDC[860], 0x0414,
SavePDC[861], 0x0414,
SavePDC[862], 0x0414,
SavePDC[863], 0x0414,
SavePDC[864], 0x0415,
SavePDC[865], 0x0415,
SavePDC[866], 0x0416,
SavePDC[867], 0x0418,
SavePDC[868], 0x0419,
SavePDC[869], 0x041B,
SavePDC[870], 0x041E,
SavePDC[871], 0x041F,
SavePDC[872], 0x0422,
SavePDC[873], 0x0426,
SavePDC[874], 0x0429,
SavePDC[875], 0x042C,
SavePDC[876], 0x042F,
SavePDC[877], 0x0431,
SavePDC[878], 0x0434,
SavePDC[879], 0x0437,
SavePDC[880], 0x0439,
SavePDC[881], 0x043B,
SavePDC[882], 0x0440,
SavePDC[883], 0x0443,
SavePDC[884], 0x0448,
SavePDC[885], 0x044A,
SavePDC[886], 0x044D,
SavePDC[887], 0x044E,
SavePDC[888], 0x0450,
SavePDC[889], 0x0450,
SavePDC[890], 0x0450,
SavePDC[891], 0x044F,
SavePDC[892], 0x044F,
SavePDC[893], 0x044E,
SavePDC[894], 0x044D,
SavePDC[895], 0x044B,
SavePDC[896], 0x0449,
SavePDC[897], 0x0448,
SavePDC[898], 0x0448,
SavePDC[899], 0x0448,
SavePDC[900], 0x0448,
SavePDC[901], 0x0448,
SavePDC[902], 0x0448,
SavePDC[903], 0x0447,
SavePDC[904], 0x0448,
SavePDC[905], 0x044A,
SavePDC[906], 0x044B,
SavePDC[907], 0x044C,
SavePDC[908], 0x044F,
SavePDC[909], 0x0453,
SavePDC[910], 0x0456,
SavePDC[911], 0x045A,
SavePDC[912], 0x045D,
SavePDC[913], 0x0460,
SavePDC[914], 0x0463,
SavePDC[915], 0x0466,
SavePDC[916], 0x0469,
SavePDC[917], 0x046C,
SavePDC[918], 0x046E,
SavePDC[919], 0x0471,
SavePDC[920], 0x0474,
SavePDC[921], 0x0475,
SavePDC[922], 0x0477,
SavePDC[923], 0x0479,
SavePDC[924], 0x0479,
SavePDC[925], 0x047A,
SavePDC[926], 0x047A,
SavePDC[927], 0x047A,
SavePDC[928], 0x047A,
SavePDC[929], 0x047A,
SavePDC[930], 0x0479,
SavePDC[931], 0x0478,
SavePDC[932], 0x0477,
SavePDC[933], 0x0476,
SavePDC[934], 0x0475,
SavePDC[935], 0x0476,
SavePDC[936], 0x0476,
SavePDC[937], 0x0476,
SavePDC[938], 0x0476,
SavePDC[939], 0x0477,
SavePDC[940], 0x0478,
SavePDC[941], 0x0479,
SavePDC[942], 0x047A,
SavePDC[943], 0x047B,
SavePDC[944], 0x047D,
SavePDC[945], 0x047E,
SavePDC[946], 0x0482,
SavePDC[947], 0x0485,
SavePDC[948], 0x0488,
SavePDC[949], 0x048B,
SavePDC[950], 0x048E,
SavePDC[951], 0x0491,
SavePDC[952], 0x0494,
SavePDC[953], 0x0495,
SavePDC[954], 0x0498,
SavePDC[955], 0x049B,
SavePDC[956], 0x049D,
SavePDC[957], 0x04A0,
SavePDC[958], 0x04A3,
SavePDC[959], 0x04A5,
SavePDC[960], 0x04A5,
SavePDC[961], 0x04A6,
SavePDC[962], 0x04A5,
SavePDC[963], 0x04A5,
SavePDC[964], 0x04A5,
SavePDC[965], 0x04A5,
SavePDC[966], 0x04A4,
SavePDC[967], 0x04A5,
SavePDC[968], 0x04A5,
SavePDC[969], 0x04A4,
SavePDC[970], 0x04A4,
SavePDC[971], 0x0000,
SavePDC[972], 0x0000,
SavePDC[973], 0x0000,
SavePDC[974], 0x0000,
SavePDC[975], 0x0000,
SavePDC[976], 0x0000,
SavePDC[977], 0x0000,
SavePDC[978], 0x0000,
SavePDC[979], 0x0000,
SavePDC[980], 0x0000,
SavePDC[981], 0x0000,
SavePDC[982], 0x0000,
SavePDC[983], 0x0000,
SavePDC[984], 0x0000,
SavePDC[985], 0x0000,
SavePDC[986], 0x0000,
SavePDC[987], 0x0000,
SavePDC[988], 0x0000,
SavePDC[989], 0x0000,
SavePDC[990], 0x0000,
SavePDC[991], 0x0000,
SavePDC[992], 0x0000,
SavePDC[993], 0x0000,
SavePDC[994], 0x0000,
SavePDC[995], 0x0000,
SavePDC[996], 0x0000,
SavePDC[997], 0x0000,
SavePDC[998], 0x0000,
SavePDC[999], 0x0000,
