SaveData[0], 0x0411,
SaveData[1], 0x040F,
SaveData[2], 0x0409,
SaveData[3], 0x0413,
SaveData[4], 0x0415,
SaveData[5], 0x040D,
SaveData[6], 0x0411,
SaveData[7], 0x0413,
SaveData[8], 0x0411,
SaveData[9], 0x0411,
SaveData[10], 0x040D,
SaveData[11], 0x0411,
SaveData[12], 0x0415,
SaveData[13], 0x0415,
SaveData[14], 0x0416,
SaveData[15], 0x0413,
SaveData[16], 0x0411,
SaveData[17], 0x0417,
SaveData[18], 0x0410,
SaveData[19], 0x0417,
SaveData[20], 0x0413,
SaveData[21], 0x0413,
SaveData[22], 0x0413,
SaveData[23], 0x0413,
SaveData[24], 0x0411,
SaveData[25], 0x0417,
SaveData[26], 0x040F,
SaveData[27], 0x0415,
SaveData[28], 0x0413,
SaveData[29], 0x0415,
SaveData[30], 0x0416,
SaveData[31], 0x0411,
SaveData[32], 0x0413,
SaveData[33], 0x0413,
SaveData[34], 0x0411,
SaveData[35], 0x0417,
SaveData[36], 0x0411,
SaveData[37], 0x0417,
SaveData[38], 0x0415,
SaveData[39], 0x0411,
SaveData[40], 0x0414,
SaveData[41], 0x0419,
SaveData[42], 0x0413,
SaveData[43], 0x0417,
SaveData[44], 0x0411,
SaveData[45], 0x0417,
SaveData[46], 0x0418,
SaveData[47], 0x0413,
SaveData[48], 0x0413,
SaveData[49], 0x0415,
SaveData[50], 0x0417,
SaveData[51], 0x0415,
SaveData[52], 0x0411,
SaveData[53], 0x0419,
SaveData[54], 0x0418,
SaveData[55], 0x0413,
SaveData[56], 0x0418,
SaveData[57], 0x0415,
SaveData[58], 0x0417,
SaveData[59], 0x041B,
SaveData[60], 0x0413,
SaveData[61], 0x0413,
SaveData[62], 0x0418,
SaveData[63], 0x0415,
SaveData[64], 0x0419,
SaveData[65], 0x0411,
SaveData[66], 0x0415,
SaveData[67], 0x041B,
SaveData[68], 0x0415,
SaveData[69], 0x0417,
SaveData[70], 0x0416,
SaveData[71], 0x0415,
SaveData[72], 0x0415,
SaveData[73], 0x040F,
SaveData[74], 0x0415,
SaveData[75], 0x0419,
SaveData[76], 0x0415,
SaveData[77], 0x0417,
SaveData[78], 0x0412,
SaveData[79], 0x0415,
SaveData[80], 0x0419,
SaveData[81], 0x0413,
SaveData[82], 0x0418,
SaveData[83], 0x0417,
SaveData[84], 0x0415,
SaveData[85], 0x0419,
SaveData[86], 0x0414,
SaveData[87], 0x0413,
SaveData[88], 0x0419,
SaveData[89], 0x0411,
SaveData[90], 0x0415,
SaveData[91], 0x0419,
SaveData[92], 0x0415,
SaveData[93], 0x0415,
SaveData[94], 0x0414,
SaveData[95], 0x0419,
SaveData[96], 0x0417,
SaveData[97], 0x0417,
SaveData[98], 0x0417,
SaveData[99], 0x0417,
SaveData[100], 0x0417,
SaveData[101], 0x0419,
SaveData[102], 0x0410,
SaveData[103], 0x0417,
SaveData[104], 0x0417,
SaveData[105], 0x041A,
SaveData[106], 0x0418,
SaveData[107], 0x0417,
SaveData[108], 0x0413,
SaveData[109], 0x0419,
SaveData[110], 0x0412,
SaveData[111], 0x0417,
SaveData[112], 0x040F,
SaveData[113], 0x0415,
SaveData[114], 0x0413,
SaveData[115], 0x040F,
SaveData[116], 0x0415,
SaveData[117], 0x0415,
SaveData[118], 0x040F,
SaveData[119], 0x0415,
SaveData[120], 0x040F,
SaveData[121], 0x0415,
SaveData[122], 0x0415,
SaveData[123], 0x0411,
SaveData[124], 0x0411,
SaveData[125], 0x0413,
SaveData[126], 0x0412,
SaveData[127], 0x0411,
SaveData[128], 0x040F,
SaveData[129], 0x0413,
SaveData[130], 0x0415,
SaveData[131], 0x040F,
SaveData[132], 0x040F,
SaveData[133], 0x040D,
SaveData[134], 0x0410,
SaveData[135], 0x0415,
SaveData[136], 0x040B,
SaveData[137], 0x0411,
SaveData[138], 0x040F,
SaveData[139], 0x040F,
SaveData[140], 0x0411,
SaveData[141], 0x040D,
SaveData[142], 0x040F,
SaveData[143], 0x0411,
SaveData[144], 0x040D,
SaveData[145], 0x0411,
SaveData[146], 0x040F,
SaveData[147], 0x040F,
SaveData[148], 0x040D,
SaveData[149], 0x0409,
SaveData[150], 0x040C,
SaveData[151], 0x0413,
SaveData[152], 0x040B,
SaveData[153], 0x0411,
SaveData[154], 0x0409,
SaveData[155], 0x040F,
SaveData[156], 0x040D,
SaveData[157], 0x040B,
SaveData[158], 0x0406,
SaveData[159], 0x040D,
SaveData[160], 0x0409,
SaveData[161], 0x040D,
SaveData[162], 0x0403,
SaveData[163], 0x040D,
SaveData[164], 0x040F,
SaveData[165], 0x0405,
SaveData[166], 0x040E,
SaveData[167], 0x0409,
SaveData[168], 0x0407,
SaveData[169], 0x040B,
SaveData[170], 0x0405,
SaveData[171], 0x0407,
SaveData[172], 0x0409,
SaveData[173], 0x0407,
SaveData[174], 0x0405,
SaveData[175], 0x0409,
SaveData[176], 0x0405,
SaveData[177], 0x0409,
SaveData[178], 0x0405,
SaveData[179], 0x0407,
SaveData[180], 0x0407,
SaveData[181], 0x0407,
SaveData[182], 0x0403,
SaveData[183], 0x0403,
SaveData[184], 0x0403,
SaveData[185], 0x0409,
SaveData[186], 0x0401,
SaveData[187], 0x0405,
SaveData[188], 0x0403,
SaveData[189], 0x0405,
SaveData[190], 0x0405,
SaveData[191], 0x03FF,
SaveData[192], 0x0405,
SaveData[193], 0x0403,
SaveData[194], 0x0400,
SaveData[195], 0x0403,
SaveData[196], 0x0401,
SaveData[197], 0x0403,
SaveData[198], 0x0401,
SaveData[199], 0x03FB,
SaveData[200], 0x03FF,
SaveData[201], 0x0401,
SaveData[202], 0x03FD,
SaveData[203], 0x03FF,
SaveData[204], 0x03FD,
SaveData[205], 0x0405,
SaveData[206], 0x0401,
SaveData[207], 0x03FB,
SaveData[208], 0x03F9,
SaveData[209], 0x03FF,
SaveData[210], 0x03FD,
SaveData[211], 0x03FD,
SaveData[212], 0x03F7,
SaveData[213], 0x03FD,
SaveData[214], 0x03F9,
SaveData[215], 0x03F3,
SaveData[216], 0x03FB,
SaveData[217], 0x03F9,
SaveData[218], 0x03F9,
SaveData[219], 0x03FD,
SaveData[220], 0x03F5,
SaveData[221], 0x03F9,
SaveData[222], 0x03FA,
SaveData[223], 0x03F7,
SaveData[224], 0x03F9,
SaveData[225], 0x03F5,
SaveData[226], 0x03F5,
SaveData[227], 0x03FB,
SaveData[228], 0x03F1,
SaveData[229], 0x03F7,
SaveData[230], 0x03F8,
SaveData[231], 0x03F3,
SaveData[232], 0x03F7,
SaveData[233], 0x03EF,
SaveData[234], 0x03F3,
SaveData[235], 0x03F7,
SaveData[236], 0x03F1,
SaveData[237], 0x03F3,
SaveData[238], 0x03F1,
SaveData[239], 0x03F1,
SaveData[240], 0x03F3,
SaveData[241], 0x03EF,
SaveData[242], 0x03EF,
SaveData[243], 0x03F1,
SaveData[244], 0x03EF,
SaveData[245], 0x03F1,
SaveData[246], 0x03EB,
SaveData[247], 0x03F1,
SaveData[248], 0x03F1,
SaveData[249], 0x03EB,
SaveData[250], 0x03EF,
SaveData[251], 0x03EF,
SaveData[252], 0x03ED,
SaveData[253], 0x03EF,
SaveData[254], 0x03E7,
SaveData[255], 0x03ED,
SaveData[256], 0x03EB,
SaveData[257], 0x03E9,
SaveData[258], 0x03EB,
SaveData[259], 0x03E8,
SaveData[260], 0x03E9,
SaveData[261], 0x03EF,
SaveData[262], 0x03E3,
SaveData[263], 0x03E9,
SaveData[264], 0x03EB,
SaveData[265], 0x03E7,
SaveData[266], 0x03EB,
SaveData[267], 0x03E7,
SaveData[268], 0x03E9,
SaveData[269], 0x03EB,
SaveData[270], 0x03E1,
SaveData[271], 0x03E5,
SaveData[272], 0x03E5,
SaveData[273], 0x03E7,
SaveData[274], 0x03E7,
SaveData[275], 0x03E3,
SaveData[276], 0x03E3,
SaveData[277], 0x03E5,
SaveData[278], 0x03DF,
SaveData[279], 0x03E5,
SaveData[280], 0x03E1,
SaveData[281], 0x03E1,
SaveData[282], 0x03E3,
SaveData[283], 0x03E1,
SaveData[284], 0x03E1,
SaveData[285], 0x03E5,
SaveData[286], 0x03DF,
SaveData[287], 0x03E1,
SaveData[288], 0x03DB,
SaveData[289], 0x03E1,
SaveData[290], 0x03DF,
SaveData[291], 0x03DC,
SaveData[292], 0x03E1,
SaveData[293], 0x03DB,
SaveData[294], 0x03D9,
SaveData[295], 0x03DD,
SaveData[296], 0x03D9,
SaveData[297], 0x03DB,
SaveData[298], 0x03DF,
SaveData[299], 0x03DA,
SaveData[300], 0x03D3,
SaveData[301], 0x03D8,
SaveData[302], 0x03DB,
SaveData[303], 0x03DB,
SaveData[304], 0x03D5,
SaveData[305], 0x03DB,
SaveData[306], 0x03D9,
SaveData[307], 0x03D9,
SaveData[308], 0x03D9,
SaveData[309], 0x03D5,
SaveData[310], 0x03D3,
SaveData[311], 0x03D9,
SaveData[312], 0x03D3,
SaveData[313], 0x03D7,
SaveData[314], 0x03D3,
SaveData[315], 0x03D7,
SaveData[316], 0x03D0,
SaveData[317], 0x03D3,
SaveData[318], 0x03D1,
SaveData[319], 0x03D5,
SaveData[320], 0x03D1,
SaveData[321], 0x03D5,
SaveData[322], 0x03CD,
SaveData[323], 0x03D4,
SaveData[324], 0x03D5,
SaveData[325], 0x03CD,
SaveData[326], 0x03D3,
SaveData[327], 0x03CE,
SaveData[328], 0x03CD,
SaveData[329], 0x03D1,
SaveData[330], 0x03CB,
SaveData[331], 0x03CC,
SaveData[332], 0x03CE,
SaveData[333], 0x03CE,
SaveData[334], 0x03CF,
SaveData[335], 0x03CA,
SaveData[336], 0x03CF,
SaveData[337], 0x03D0,
SaveData[338], 0x03C4,
SaveData[339], 0x03CE,
SaveData[340], 0x03CC,
SaveData[341], 0x03C8,
SaveData[342], 0x03C9,
SaveData[343], 0x03C8,
SaveData[344], 0x03CB,
SaveData[345], 0x03CC,
SaveData[346], 0x03C7,
SaveData[347], 0x03CB,
SaveData[348], 0x03C6,
SaveData[349], 0x03C6,
SaveData[350], 0x03C3,
SaveData[351], 0x03C4,
SaveData[352], 0x03C7,
SaveData[353], 0x03C7,
SaveData[354], 0x03C3,
SaveData[355], 0x03C6,
SaveData[356], 0x03C2,
SaveData[357], 0x03C0,
SaveData[358], 0x03C7,
SaveData[359], 0x03C0,
SaveData[360], 0x03BE,
SaveData[361], 0x03C6,
SaveData[362], 0x03C2,
SaveData[363], 0x03C4,
SaveData[364], 0x03C2,
SaveData[365], 0x03C2,
SaveData[366], 0x03C3,
SaveData[367], 0x03BC,
SaveData[368], 0x03C2,
SaveData[369], 0x03C0,
SaveData[370], 0x03BF,
SaveData[371], 0x03C0,
SaveData[372], 0x03BA,
SaveData[373], 0x03BE,
SaveData[374], 0x03BF,
SaveData[375], 0x03BA,
SaveData[376], 0x03BE,
SaveData[377], 0x03BC,
SaveData[378], 0x03BB,
SaveData[379], 0x03BE,
SaveData[380], 0x03B4,
SaveData[381], 0x03BA,
SaveData[382], 0x03BB,
SaveData[383], 0x03BA,
SaveData[384], 0x03B8,
SaveData[385], 0x03B6,
SaveData[386], 0x03B1,
SaveData[387], 0x03BC,
SaveData[388], 0x03B6,
SaveData[389], 0x03AE,
SaveData[390], 0x03B6,
SaveData[391], 0x03BC,
SaveData[392], 0x03BC,
SaveData[393], 0x03B2,
SaveData[394], 0x03B6,
SaveData[395], 0x03B8,
SaveData[396], 0x03B4,
SaveData[397], 0x03B6,
SaveData[398], 0x03B4,
SaveData[399], 0x03B8,
SaveData[400], 0x03B6,
SaveData[401], 0x03B0,
SaveData[402], 0x03B1,
SaveData[403], 0x03BA,
SaveData[404], 0x03B2,
SaveData[405], 0x03B4,
SaveData[406], 0x03B1,
SaveData[407], 0x03B2,
SaveData[408], 0x03B2,
SaveData[409], 0x03AB,
SaveData[410], 0x03B0,
SaveData[411], 0x03B2,
SaveData[412], 0x03B0,
SaveData[413], 0x03AE,
SaveData[414], 0x03AD,
SaveData[415], 0x03B0,
SaveData[416], 0x03B2,
SaveData[417], 0x03AC,
SaveData[418], 0x03AC,
SaveData[419], 0x03B0,
SaveData[420], 0x03AE,
SaveData[421], 0x03B0,
SaveData[422], 0x03A9,
SaveData[423], 0x03AE,
SaveData[424], 0x03B0,
SaveData[425], 0x03AE,
SaveData[426], 0x03AE,
SaveData[427], 0x03AC,
SaveData[428], 0x03AC,
SaveData[429], 0x03AE,
SaveData[430], 0x03AA,
SaveData[431], 0x03AC,
SaveData[432], 0x03AA,
SaveData[433], 0x03A8,
SaveData[434], 0x03A9,
SaveData[435], 0x03A8,
SaveData[436], 0x03AA,
SaveData[437], 0x03A9,
SaveData[438], 0x03A7,
SaveData[439], 0x03A8,
SaveData[440], 0x03A8,
SaveData[441], 0x03A8,
SaveData[442], 0x03AA,
SaveData[443], 0x03A8,
SaveData[444], 0x03A8,
SaveData[445], 0x03A6,
SaveData[446], 0x03A7,
SaveData[447], 0x03AA,
SaveData[448], 0x03A4,
SaveData[449], 0x03A8,
SaveData[450], 0x03A8,
SaveData[451], 0x03A4,
SaveData[452], 0x03A6,
SaveData[453], 0x03A8,
SaveData[454], 0x03A7,
SaveData[455], 0x03A8,
SaveData[456], 0x03A2,
SaveData[457], 0x03A6,
SaveData[458], 0x03A7,
SaveData[459], 0x03A4,
SaveData[460], 0x03A6,
SaveData[461], 0x03AA,
SaveData[462], 0x03A4,
SaveData[463], 0x03A6,
SaveData[464], 0x03A0,
SaveData[465], 0x03A3,
SaveData[466], 0x03A3,
SaveData[467], 0x03A3,
SaveData[468], 0x03A1,
SaveData[469], 0x03A4,
SaveData[470], 0x03A3,
SaveData[471], 0x03A6,
SaveData[472], 0x03A2,
SaveData[473], 0x03A4,
SaveData[474], 0x03A0,
SaveData[475], 0x03A4,
SaveData[476], 0x03A4,
SaveData[477], 0x03A0,
SaveData[478], 0x03A2,
SaveData[479], 0x03A6,
SaveData[480], 0x039E,
SaveData[481], 0x03A2,
SaveData[482], 0x03A1,
SaveData[483], 0x03A4,
SaveData[484], 0x03A2,
SaveData[485], 0x03A2,
SaveData[486], 0x03A3,
SaveData[487], 0x03A2,
SaveData[488], 0x03A3,
SaveData[489], 0x03A0,
SaveData[490], 0x03A1,
SaveData[491], 0x03A2,
SaveData[492], 0x03A0,
SaveData[493], 0x03A2,
SaveData[494], 0x039F,
SaveData[495], 0x03A2,
SaveData[496], 0x03A1,
SaveData[497], 0x03A4,
SaveData[498], 0x039D,
SaveData[499], 0x03A0,
SaveData[500], 0x039E,
SaveData[501], 0x039E,
SaveData[502], 0x03A1,
SaveData[503], 0x03A0,
SaveData[504], 0x03A0,
SaveData[505], 0x03A3,
SaveData[506], 0x039B,
SaveData[507], 0x03A2,
SaveData[508], 0x03A0,
SaveData[509], 0x03A0,
SaveData[510], 0x039F,
SaveData[511], 0x039E,
SaveData[512], 0x039F,
SaveData[513], 0x03A2,
SaveData[514], 0x039E,
SaveData[515], 0x03A0,
SaveData[516], 0x039F,
SaveData[517], 0x039E,
SaveData[518], 0x03A3,
SaveData[519], 0x039F,
SaveData[520], 0x03A1,
SaveData[521], 0x03A0,
SaveData[522], 0x039F,
SaveData[523], 0x03A0,
SaveData[524], 0x039C,
SaveData[525], 0x03A1,
SaveData[526], 0x03A1,
SaveData[527], 0x039E,
SaveData[528], 0x039F,
SaveData[529], 0x03A0,
SaveData[530], 0x039F,
SaveData[531], 0x03A0,
SaveData[532], 0x039B,
SaveData[533], 0x039D,
SaveData[534], 0x03A1,
SaveData[535], 0x039D,
SaveData[536], 0x03A1,
SaveData[537], 0x03A0,
SaveData[538], 0x03A1,
SaveData[539], 0x03A3,
SaveData[540], 0x0399,
SaveData[541], 0x03A0,
SaveData[542], 0x039D,
SaveData[543], 0x039D,
SaveData[544], 0x03A1,
SaveData[545], 0x039D,
SaveData[546], 0x039D,
SaveData[547], 0x03A3,
SaveData[548], 0x0399,
SaveData[549], 0x039F,
SaveData[550], 0x03A1,
SaveData[551], 0x039F,
SaveData[552], 0x0399,
SaveData[553], 0x039D,
SaveData[554], 0x039B,
SaveData[555], 0x039E,
SaveData[556], 0x039B,
SaveData[557], 0x039E,
SaveData[558], 0x039D,
SaveData[559], 0x039F,
SaveData[560], 0x03A1,
SaveData[561], 0x039A,
SaveData[562], 0x039F,
SaveData[563], 0x03A5,
SaveData[564], 0x039B,
SaveData[565], 0x039F,
SaveData[566], 0x039D,
SaveData[567], 0x03A1,
SaveData[568], 0x039D,
SaveData[569], 0x039B,
SaveData[570], 0x039F,
SaveData[571], 0x03A1,
SaveData[572], 0x039D,
SaveData[573], 0x03A3,
SaveData[574], 0x039B,
SaveData[575], 0x039F,
SaveData[576], 0x039F,
SaveData[577], 0x039A,
SaveData[578], 0x039F,
SaveData[579], 0x03A1,
SaveData[580], 0x039F,
SaveData[581], 0x03A1,
SaveData[582], 0x039C,
SaveData[583], 0x039D,
SaveData[584], 0x039B,
SaveData[585], 0x039D,
SaveData[586], 0x039D,
SaveData[587], 0x039F,
SaveData[588], 0x03A1,
SaveData[589], 0x03A1,
SaveData[590], 0x039A,
SaveData[591], 0x039F,
SaveData[592], 0x039F,
SaveData[593], 0x039B,
SaveData[594], 0x039F,
SaveData[595], 0x039D,
SaveData[596], 0x039F,
SaveData[597], 0x03A1,
SaveData[598], 0x039D,
SaveData[599], 0x03A1,
SaveData[600], 0x039D,
SaveData[601], 0x039F,
SaveData[602], 0x03A1,
SaveData[603], 0x039B,
SaveData[604], 0x03A1,
SaveData[605], 0x03A3,
SaveData[606], 0x039D,
SaveData[607], 0x03A1,
SaveData[608], 0x039D,
SaveData[609], 0x03A5,
SaveData[610], 0x03A1,
SaveData[611], 0x039F,
SaveData[612], 0x039F,
SaveData[613], 0x03A1,
SaveData[614], 0x039F,
SaveData[615], 0x03A3,
SaveData[616], 0x039D,
SaveData[617], 0x03A1,
SaveData[618], 0x03A5,
SaveData[619], 0x03A1,
SaveData[620], 0x039F,
SaveData[621], 0x03A1,
SaveData[622], 0x03A1,
SaveData[623], 0x039F,
SaveData[624], 0x039B,
SaveData[625], 0x039F,
SaveData[626], 0x03A1,
SaveData[627], 0x03A3,
SaveData[628], 0x03A1,
SaveData[629], 0x039F,
SaveData[630], 0x03A1,
SaveData[631], 0x03A5,
SaveData[632], 0x03A1,
SaveData[633], 0x03A3,
SaveData[634], 0x03A3,
SaveData[635], 0x03A1,
SaveData[636], 0x03A1,
SaveData[637], 0x039F,
SaveData[638], 0x03A1,
SaveData[639], 0x03A5,
SaveData[640], 0x03A1,
SaveData[641], 0x03A7,
SaveData[642], 0x03A1,
SaveData[643], 0x03A7,
SaveData[644], 0x03A3,
SaveData[645], 0x03A1,
SaveData[646], 0x03A5,
SaveData[647], 0x03A5,
SaveData[648], 0x03A3,
SaveData[649], 0x03A7,
SaveData[650], 0x03A1,
SaveData[651], 0x03A5,
SaveData[652], 0x03A9,
SaveData[653], 0x03A5,
SaveData[654], 0x03A3,
SaveData[655], 0x03A5,
SaveData[656], 0x03A6,
SaveData[657], 0x03A9,
SaveData[658], 0x03A3,
SaveData[659], 0x03A9,
SaveData[660], 0x03A5,
SaveData[661], 0x03A9,
SaveData[662], 0x03A7,
SaveData[663], 0x03A5,
SaveData[664], 0x03A9,
SaveData[665], 0x03A9,
SaveData[666], 0x03A3,
SaveData[667], 0x03AD,
SaveData[668], 0x03A7,
SaveData[669], 0x03A7,
SaveData[670], 0x03A9,
SaveData[671], 0x03A7,
SaveData[672], 0x03A5,
SaveData[673], 0x03AD,
SaveData[674], 0x03A7,
SaveData[675], 0x03A9,
SaveData[676], 0x03A7,
SaveData[677], 0x03AB,
SaveData[678], 0x03AB,
SaveData[679], 0x03AB,
SaveData[680], 0x03AC,
SaveData[681], 0x03AD,
SaveData[682], 0x03A7,
SaveData[683], 0x03B1,
SaveData[684], 0x03A9,
SaveData[685], 0x03B1,
SaveData[686], 0x03AF,
SaveData[687], 0x03AB,
SaveData[688], 0x03AF,
SaveData[689], 0x03AD,
SaveData[690], 0x03AD,
SaveData[691], 0x03B1,
SaveData[692], 0x03AD,
SaveData[693], 0x03AF,
SaveData[694], 0x03B4,
SaveData[695], 0x03AF,
SaveData[696], 0x03AF,
SaveData[697], 0x03AF,
SaveData[698], 0x03B0,
SaveData[699], 0x03B5,
SaveData[700], 0x03AD,
SaveData[701], 0x03B1,
SaveData[702], 0x03B2,
SaveData[703], 0x03B1,
SaveData[704], 0x03B3,
SaveData[705], 0x03B1,
SaveData[706], 0x03B5,
SaveData[707], 0x03B7,
SaveData[708], 0x03B1,
SaveData[709], 0x03BB,
SaveData[710], 0x03B8,
SaveData[711], 0x03B5,
SaveData[712], 0x03B7,
SaveData[713], 0x03B3,
SaveData[714], 0x03B5,
SaveData[715], 0x03B9,
SaveData[716], 0x03B1,
SaveData[717], 0x03B3,
SaveData[718], 0x03B8,
SaveData[719], 0x03BB,
SaveData[720], 0x03BB,
SaveData[721], 0x03B6,
SaveData[722], 0x03B7,
SaveData[723], 0x03BB,
SaveData[724], 0x03B9,
SaveData[725], 0x03B9,
SaveData[726], 0x03B6,
SaveData[727], 0x03BD,
SaveData[728], 0x03BB,
SaveData[729], 0x03B5,
SaveData[730], 0x03BB,
SaveData[731], 0x03BB,
SaveData[732], 0x03BB,
SaveData[733], 0x03BF,
SaveData[734], 0x03BA,
SaveData[735], 0x03BF,
SaveData[736], 0x03BF,
SaveData[737], 0x03BD,
SaveData[738], 0x03C0,
SaveData[739], 0x03C1,
SaveData[740], 0x03BD,
SaveData[741], 0x03C3,
SaveData[742], 0x03BC,
SaveData[743], 0x03C0,
SaveData[744], 0x03C1,
SaveData[745], 0x03BF,
SaveData[746], 0x03C3,
SaveData[747], 0x03BD,
SaveData[748], 0x03C1,
SaveData[749], 0x03C7,
SaveData[750], 0x03BE,
SaveData[751], 0x03C3,
SaveData[752], 0x03C3,
SaveData[753], 0x03C1,
SaveData[754], 0x03C7,
SaveData[755], 0x03C3,
SaveData[756], 0x03C7,
SaveData[757], 0x03C9,
SaveData[758], 0x03C4,
SaveData[759], 0x03C9,
SaveData[760], 0x03C3,
SaveData[761], 0x03C9,
SaveData[762], 0x03CB,
SaveData[763], 0x03C5,
SaveData[764], 0x03C7,
SaveData[765], 0x03CB,
SaveData[766], 0x03C8,
SaveData[767], 0x03C7,
SaveData[768], 0x03C9,
SaveData[769], 0x03CB,
SaveData[770], 0x03C9,
SaveData[771], 0x03CB,
SaveData[772], 0x03CC,
SaveData[773], 0x03C7,
SaveData[774], 0x03CC,
SaveData[775], 0x03CF,
SaveData[776], 0x03C7,
SaveData[777], 0x03CD,
SaveData[778], 0x03D2,
SaveData[779], 0x03CF,
SaveData[780], 0x03CF,
SaveData[781], 0x03CD,
SaveData[782], 0x03CE,
SaveData[783], 0x03D1,
SaveData[784], 0x03CF,
SaveData[785], 0x03D1,
SaveData[786], 0x03D2,
SaveData[787], 0x03D3,
SaveData[788], 0x03D1,
SaveData[789], 0x03CE,
SaveData[790], 0x03D4,
SaveData[791], 0x03D7,
SaveData[792], 0x03D2,
SaveData[793], 0x03D7,
SaveData[794], 0x03D4,
SaveData[795], 0x03DB,
SaveData[796], 0x03D7,
SaveData[797], 0x03D3,
SaveData[798], 0x03DA,
SaveData[799], 0x03D9,
SaveData[800], 0x03D7,
SaveData[801], 0x03D7,
SaveData[802], 0x03D2,
SaveData[803], 0x03DB,
SaveData[804], 0x03DB,
SaveData[805], 0x03D5,
SaveData[806], 0x03D8,
SaveData[807], 0x03DE,
SaveData[808], 0x03D9,
SaveData[809], 0x03DB,
SaveData[810], 0x03D8,
SaveData[811], 0x03DF,
SaveData[812], 0x03DD,
SaveData[813], 0x03DA,
SaveData[814], 0x03DC,
SaveData[815], 0x03DF,
SaveData[816], 0x03DD,
SaveData[817], 0x03DD,
SaveData[818], 0x03DA,
SaveData[819], 0x03DF,
SaveData[820], 0x03E1,
SaveData[821], 0x03DF,
SaveData[822], 0x03E0,
SaveData[823], 0x03E0,
SaveData[824], 0x03E0,
SaveData[825], 0x03E5,
SaveData[826], 0x03DB,
SaveData[827], 0x03E1,
SaveData[828], 0x03E3,
SaveData[829], 0x03E1,
SaveData[830], 0x03E2,
SaveData[831], 0x03E1,
SaveData[832], 0x03E5,
SaveData[833], 0x03E5,
SaveData[834], 0x03E2,
SaveData[835], 0x03E7,
SaveData[836], 0x03DF,
SaveData[837], 0x03E7,
SaveData[838], 0x03E6,
SaveData[839], 0x03E3,
SaveData[840], 0x03EA,
SaveData[841], 0x03E9,
SaveData[842], 0x03E5,
SaveData[843], 0x03EB,
SaveData[844], 0x03E6,
SaveData[845], 0x03E9,
SaveData[846], 0x03E8,
SaveData[847], 0x03E8,
SaveData[848], 0x03EA,
SaveData[849], 0x03EB,
SaveData[850], 0x03E7,
SaveData[851], 0x03ED,
SaveData[852], 0x03E7,
SaveData[853], 0x03EB,
SaveData[854], 0x03EC,
SaveData[855], 0x03E9,
SaveData[856], 0x03F0,
SaveData[857], 0x03EE,
SaveData[858], 0x03EE,
SaveData[859], 0x03ED,
SaveData[860], 0x03EB,
SaveData[861], 0x03ED,
SaveData[862], 0x03F2,
SaveData[863], 0x03EF,
SaveData[864], 0x03F2,
SaveData[865], 0x03F1,
SaveData[866], 0x03F0,
SaveData[867], 0x03F5,
SaveData[868], 0x03ED,
SaveData[869], 0x03F3,
SaveData[870], 0x03F2,
SaveData[871], 0x03F3,
SaveData[872], 0x03F3,
SaveData[873], 0x03F2,
SaveData[874], 0x03F2,
SaveData[875], 0x03F9,
SaveData[876], 0x03EF,
SaveData[877], 0x03F3,
SaveData[878], 0x03F4,
SaveData[879], 0x03F7,
SaveData[880], 0x03F6,
SaveData[881], 0x03F1,
SaveData[882], 0x03F7,
SaveData[883], 0x03FA,
SaveData[884], 0x03F3,
SaveData[885], 0x03F9,
SaveData[886], 0x03F6,
SaveData[887], 0x03FA,
SaveData[888], 0x03FB,
SaveData[889], 0x03F8,
SaveData[890], 0x03F8,
SaveData[891], 0x03FD,
SaveData[892], 0x03F9,
SaveData[893], 0x03FB,
SaveData[894], 0x03FA,
SaveData[895], 0x03FD,
SaveData[896], 0x03FD,
SaveData[897], 0x03F9,
SaveData[898], 0x03FF,
SaveData[899], 0x03FD,
SaveData[900], 0x03FB,
SaveData[901], 0x03FF,
SaveData[902], 0x03FC,
SaveData[903], 0x03FD,
SaveData[904], 0x0400,
SaveData[905], 0x03FD,
SaveData[906], 0x03FA,
SaveData[907], 0x0401,
SaveData[908], 0x03FF,
SaveData[909], 0x03FF,
SaveData[910], 0x03FC,
SaveData[911], 0x0401,
SaveData[912], 0x0400,
SaveData[913], 0x03FF,
SaveData[914], 0x0402,
SaveData[915], 0x03FF,
SaveData[916], 0x0402,
SaveData[917], 0x0409,
SaveData[918], 0x03FD,
SaveData[919], 0x0407,
SaveData[920], 0x0405,
SaveData[921], 0x0403,
SaveData[922], 0x0404,
SaveData[923], 0x0401,
SaveData[924], 0x0405,
SaveData[925], 0x0409,
SaveData[926], 0x0400,
SaveData[927], 0x0407,
SaveData[928], 0x0405,
SaveData[929], 0x0405,
SaveData[930], 0x0408,
SaveData[931], 0x0401,
SaveData[932], 0x0405,
SaveData[933], 0x040C,
SaveData[934], 0x0406,
SaveData[935], 0x0407,
SaveData[936], 0x0405,
SaveData[937], 0x0407,
SaveData[938], 0x0408,
SaveData[939], 0x0407,
SaveData[940], 0x0407,
SaveData[941], 0x0409,
SaveData[942], 0x040C,
SaveData[943], 0x0409,
SaveData[944], 0x0403,
SaveData[945], 0x040B,
SaveData[946], 0x040A,
SaveData[947], 0x0409,
SaveData[948], 0x040B,
SaveData[949], 0x040B,
SaveData[950], 0x040C,
SaveData[951], 0x040D,
SaveData[952], 0x0409,
SaveData[953], 0x040F,
SaveData[954], 0x040C,
SaveData[955], 0x040B,
SaveData[956], 0x040B,
SaveData[957], 0x040B,
SaveData[958], 0x040E,
SaveData[959], 0x0411,
SaveData[960], 0x0407,
SaveData[961], 0x040F,
SaveData[962], 0x040E,
SaveData[963], 0x040D,
SaveData[964], 0x040F,
SaveData[965], 0x040D,
SaveData[966], 0x0409,
SaveData[967], 0x0413,
SaveData[968], 0x040B,
SaveData[969], 0x040D,
SaveData[970], 0x040E,
SaveData[971], 0x040D,
SaveData[972], 0x040B,
SaveData[973], 0x040F,
SaveData[974], 0x0410,
SaveData[975], 0x0413,
SaveData[976], 0x040D,
SaveData[977], 0x0413,
SaveData[978], 0x0412,
SaveData[979], 0x0411,
SaveData[980], 0x0415,
SaveData[981], 0x040F,
SaveData[982], 0x0412,
SaveData[983], 0x0413,
SaveData[984], 0x0413,
SaveData[985], 0x0415,
SaveData[986], 0x0410,
SaveData[987], 0x040F,
SaveData[988], 0x0413,
SaveData[989], 0x0413,
SaveData[990], 0x0410,
SaveData[991], 0x0413,
SaveData[992], 0x0413,
SaveData[993], 0x040D,
SaveData[994], 0x040F,
SaveData[995], 0x0417,
SaveData[996], 0x0415,
SaveData[997], 0x0413,
SaveData[998], 0x0413,
SaveData[999], 0x0411,
SaveData[1000], 0x0415,
SaveData[1001], 0x0417,
SaveData[1002], 0x0414,
SaveData[1003], 0x0413,
SaveData[1004], 0x0411,
SaveData[1005], 0x0415,
SaveData[1006], 0x0413,
SaveData[1007], 0x0413,
SaveData[1008], 0x0411,
SaveData[1009], 0x0415,
SaveData[1010], 0x0411,
SaveData[1011], 0x0417,
SaveData[1012], 0x0415,
SaveData[1013], 0x0413,
SaveData[1014], 0x0415,
SaveData[1015], 0x040F,
SaveData[1016], 0x0411,
SaveData[1017], 0x0419,
SaveData[1018], 0x0411,
SaveData[1019], 0x0415,
SaveData[1020], 0x0413,
SaveData[1021], 0x0417,
SaveData[1022], 0x0417,
SaveData[1023], 0x0411,
SaveData[1024], 0x0417,
SaveData[1025], 0x0415,
SaveData[1026], 0x0417,
SaveData[1027], 0x0419,
SaveData[1028], 0x0411,
SaveData[1029], 0x0417,
SaveData[1030], 0x0419,
SaveData[1031], 0x0413,
SaveData[1032], 0x0415,
SaveData[1033], 0x0419,
SaveData[1034], 0x0413,
SaveData[1035], 0x0419,
SaveData[1036], 0x0413,
SaveData[1037], 0x0417,
SaveData[1038], 0x0415,
SaveData[1039], 0x0415,
SaveData[1040], 0x0411,
SaveData[1041], 0x0417,
SaveData[1042], 0x0417,
SaveData[1043], 0x0419,
SaveData[1044], 0x0411,
SaveData[1045], 0x0419,
SaveData[1046], 0x0417,
SaveData[1047], 0x0417,
SaveData[1048], 0x0418,
SaveData[1049], 0x0415,
SaveData[1050], 0x0415,
SaveData[1051], 0x041B,
SaveData[1052], 0x0417,
SaveData[1053], 0x0415,
SaveData[1054], 0x0417,
SaveData[1055], 0x0417,
SaveData[1056], 0x0417,
SaveData[1057], 0x0413,
SaveData[1058], 0x0415,
SaveData[1059], 0x0415,
SaveData[1060], 0x0415,
SaveData[1061], 0x0417,
SaveData[1062], 0x0411,
SaveData[1063], 0x041F,
SaveData[1064], 0x0419,
SaveData[1065], 0x0412,
SaveData[1066], 0x0417,
SaveData[1067], 0x0419,
SaveData[1068], 0x0414,
SaveData[1069], 0x0419,
SaveData[1070], 0x0411,
SaveData[1071], 0x0416,
SaveData[1072], 0x0419,
SaveData[1073], 0x0414,
SaveData[1074], 0x0415,
SaveData[1075], 0x0417,
SaveData[1076], 0x0419,
SaveData[1077], 0x0418,
SaveData[1078], 0x0415,
SaveData[1079], 0x0419,
SaveData[1080], 0x0416,
SaveData[1081], 0x0415,
SaveData[1082], 0x0417,
SaveData[1083], 0x0414,
SaveData[1084], 0x0414,
SaveData[1085], 0x0419,
SaveData[1086], 0x0415,
SaveData[1087], 0x0416,
SaveData[1088], 0x0415,
SaveData[1089], 0x0417,
SaveData[1090], 0x0415,
SaveData[1091], 0x0412,
SaveData[1092], 0x0414,
SaveData[1093], 0x0416,
SaveData[1094], 0x0415,
SaveData[1095], 0x0414,
SaveData[1096], 0x0410,
SaveData[1097], 0x0414,
SaveData[1098], 0x0417,
SaveData[1099], 0x0410,
SaveData[1100], 0x0414,
SaveData[1101], 0x0414,
SaveData[1102], 0x0415,
SaveData[1103], 0x0416,
SaveData[1104], 0x040E,
SaveData[1105], 0x0412,
SaveData[1106], 0x0414,
SaveData[1107], 0x0412,
SaveData[1108], 0x0412,
SaveData[1109], 0x0412,
SaveData[1110], 0x0413,
SaveData[1111], 0x0412,
SaveData[1112], 0x0408,
SaveData[1113], 0x0412,
SaveData[1114], 0x0415,
SaveData[1115], 0x0410,
SaveData[1116], 0x0412,
SaveData[1117], 0x0410,
SaveData[1118], 0x0415,
SaveData[1119], 0x0416,
SaveData[1120], 0x040A,
SaveData[1121], 0x0412,
SaveData[1122], 0x0411,
SaveData[1123], 0x03CB,
